user_id,name
1533,author1533
1535,author1535
1676,author1676
1773,author1773
1891,author1891
2046,author2046
2148,author2148
2310,author2310
2312,author2312
2625,author2625
2695,author2695
3205,author3205
3794,author3794
4439,author4439
4470,author4470
4601,author4601
4740,author4740
4753,author4753
4862,author4862
5060,author5060
5523,author5523
5929,author5929
6164,author6164
6220,author6220
6258,author6258
6357,author6357
6381,author6381
6406,author6406
6512,author6512
6651,author6651
6702,author6702
7108,author7108
7456,author7456
8000,author8000
8414,author8414
8526,author8526
8606,author8606
8629,author8629
8631,author8631
8639,author8639
8679,author8679
8688,author8688
8728,author8728
9121,author9121
9328,author9328
9869,author9869
10033,author10033
10113,author10113
10216,author10216
10314,author10314
10320,author10320
10404,author10404
10649,author10649
10701,author10701
10896,author10896
10934,author10934
10979,author10979
11009,author11009
11044,author11044
11119,author11119
11176,author11176
11295,author11295
11297,author11297
11461,author11461
11543,author11543
12118,author12118
12481,author12481
12657,author12657
12875,author12875
12882,author12882
13063,author13063
13483,author13483
13506,author13506
13593,author13593
13736,author13736
13796,author13796
14000,author14000
14059,author14059
14386,author14386
14410,author14410
14568,author14568
14613,author14613
14880,author14880
15368,author15368
15404,author15404
15417,author15417
15511,author15511
15521,author15521
15572,author15572
15609,author15609
15656,author15656
15712,author15712
15820,author15820
15851,author15851
15892,author15892
16140,author16140
16171,author16171
16334,author16334
16408,author16408
16459,author16459
16777,author16777
16827,author16827
17803,author17803
18391,author18391
18549,author18549
18649,author18649
18931,author18931
19166,author19166
19185,author19185
19799,author19799
19895,author19895
19924,author19924
20064,author20064
20076,author20076
20084,author20084
20114,author20114
20160,author20160
20214,author20214
20371,author20371
20480,author20480
20497,author20497
20754,author20754
21297,author21297
21432,author21432
21487,author21487
21752,author21752
22015,author22015
22174,author22174
22504,author22504
22642,author22642
22655,author22655
22724,author22724
22868,author22868
22920,author22920
22973,author22973
23119,author23119
23333,author23333
23424,author23424
23466,author23466
23701,author23701
24323,author24323
24995,author24995
25356,author25356
25455,author25455
25792,author25792
25835,author25835
25941,author25941
25996,author25996
26041,author26041
26075,author26075
26094,author26094
26268,author26268
26278,author26278
26313,author26313
26341,author26341
26512,author26512
26657,author26657
26711,author26711
27366,author27366
27381,author27381
27385,author27385
27395,author27395
27416,author27416
27452,author27452
27643,author27643
27678,author27678
27702,author27702
27783,author27783
27922,author27922
27961,author27961
28177,author28177
28201,author28201
28339,author28339
28345,author28345
28346,author28346
28373,author28373
28397,author28397
28442,author28442
28604,author28604
28636,author28636
28691,author28691
28750,author28750
29014,author29014
29063,author29063
29196,author29196
29241,author29241
29291,author29291
29299,author29299
29300,author29300
29336,author29336
29404,author29404
29418,author29418
29450,author29450
29655,author29655
29667,author29667
29750,author29750
29782,author29782
29820,author29820
29920,author29920
30067,author30067
30080,author30080
30209,author30209
30228,author30228
30298,author30298
30382,author30382
30503,author30503
30640,author30640
30716,author30716
30746,author30746
30893,author30893
31083,author31083
31232,author31232
31331,author31331
31364,author31364
31521,author31521
31611,author31611
31803,author31803
31883,author31883
31914,author31914
32143,author32143
32365,author32365
32570,author32570
32772,author32772
33135,author33135
33159,author33159
33588,author33588
33902,author33902
34025,author34025
34146,author34146
34214,author34214
34272,author34272
34280,author34280
34357,author34357
34610,author34610
34725,author34725
34795,author34795
34879,author34879
35093,author35093
35106,author35106
35140,author35140
35193,author35193
35488,author35488
35526,author35526
35635,author35635
35701,author35701
35848,author35848
35925,author35925
36079,author36079
36128,author36128
36187,author36187
36713,author36713
36739,author36739
36803,author36803
36919,author36919
36944,author36944
37026,author37026
37036,author37036
37072,author37072
37106,author37106
37107,author37107
37147,author37147
37289,author37289
37305,author37305
37449,author37449
37471,author37471
37636,author37636
37640,author37640
37779,author37779
37862,author37862
37868,author37868
37873,author37873
38182,author38182
38185,author38185
38281,author38281
38418,author38418
38643,author38643
38745,author38745
39210,author39210
39277,author39277
39301,author39301
39311,author39311
39394,author39394
39547,author39547
39654,author39654
39713,author39713
39754,author39754
39762,author39762
39835,author39835
39934,author39934
39949,author39949
39992,author39992
40103,author40103
40152,author40152
40281,author40281
40328,author40328
40377,author40377
40497,author40497
40533,author40533
40620,author40620
40984,author40984
41177,author41177
41228,author41228
41370,author41370
41409,author41409
41425,author41425
41487,author41487
41529,author41529
41531,author41531
41550,author41550
41874,author41874
41894,author41894
42058,author42058
42217,author42217
42247,author42247
42309,author42309
42337,author42337
42682,author42682
42720,author42720
42783,author42783
42938,author42938
43083,author43083
43152,author43152
43216,author43216
43327,author43327
43413,author43413
43478,author43478
43505,author43505
43846,author43846
44160,author44160
44383,author44383
44589,author44589
44642,author44642
44650,author44650
45057,author45057
45512,author45512
45765,author45765
45833,author45833
45902,author45902
46134,author46134
46431,author46431
46545,author46545
46630,author46630
46660,author46660
46731,author46731
47341,author47341
47510,author47510
47570,author47570
47636,author47636
47649,author47649
47761,author47761
47892,author47892
47907,author47907
48107,author48107
48902,author48902
48912,author48912
48920,author48920
48956,author48956
49168,author49168
49304,author49304
49360,author49360
49482,author49482
49499,author49499
49561,author49561
49747,author49747
49773,author49773
49918,author49918
49937,author49937
50002,author50002
50067,author50067
50509,author50509
50551,author50551
50643,author50643
50778,author50778
50969,author50969
51011,author51011
51109,author51109
51224,author51224
51292,author51292
51501,author51501
51538,author51538
51572,author51572
51613,author51613
51717,author51717
51890,author51890
51931,author51931
52062,author52062
52074,author52074
52125,author52125
52262,author52262
52282,author52282
52283,author52283
52306,author52306
52528,author52528
52543,author52543
52565,author52565
52640,author52640
52652,author52652
52663,author52663
53002,author53002
53123,author53123
53171,author53171
53286,author53286
53366,author53366
53373,author53373
53425,author53425
53448,author53448
53495,author53495
53522,author53522
53859,author53859
53932,author53932
54067,author54067
54162,author54162
54243,author54243
54271,author54271
54572,author54572
54643,author54643
54678,author54678
54885,author54885
55166,author55166
55221,author55221
55370,author55370
55406,author55406
55523,author55523
55578,author55578
55589,author55589
55690,author55690
55729,author55729
55759,author55759
55785,author55785
55850,author55850
55910,author55910
56002,author56002
56003,author56003
56061,author56061
56081,author56081
56087,author56087
56112,author56112
56125,author56125
56130,author56130
56180,author56180
56181,author56181
56251,author56251
56353,author56353
56392,author56392
56447,author56447
56463,author56463
56498,author56498
56670,author56670
56970,author56970
56986,author56986
57003,author57003
57101,author57101
57222,author57222
57256,author57256
57400,author57400
58038,author58038
58075,author58075
58104,author58104
58339,author58339
58469,author58469
58636,author58636
58762,author58762
58836,author58836
58852,author58852
59064,author59064
59144,author59144
59199,author59199
59588,author59588
59686,author59686
59780,author59780
59921,author59921
60124,author60124
60231,author60231
60260,author60260
60504,author60504
60716,author60716
60908,author60908
60989,author60989
60992,author60992
61525,author61525
61954,author61954
62043,author62043
62086,author62086
62191,author62191
62264,author62264
62545,author62545
62675,author62675
62832,author62832
63024,author63024
63026,author63026
63128,author63128
63927,author63927
64154,author64154
64203,author64203
64322,author64322
64539,author64539
64583,author64583
64625,author64625
64631,author64631
64642,author64642
64667,author64667
64682,author64682
64683,author64683
64702,author64702
64780,author64780
64918,author64918
64934,author64934
65056,author65056
65197,author65197
65414,author65414
65573,author65573
65631,author65631
65634,author65634
65720,author65720
65768,author65768
65803,author65803
65957,author65957
66321,author66321
66448,author66448
66520,author66520
66899,author66899
67059,author67059
67270,author67270
67395,author67395
67403,author67403
67525,author67525
67614,author67614
67656,author67656
67719,author67719
67738,author67738
67835,author67835
68210,author68210
68460,author68460
68503,author68503
68526,author68526
68585,author68585
68715,author68715
68728,author68728
68884,author68884
68960,author68960
69248,author69248
69838,author69838
69863,author69863
69983,author69983
70793,author70793
71034,author71034
71324,author71324
71463,author71463
72017,author72017
72093,author72093
72254,author72254
72386,author72386
72482,author72482
72978,author72978
73138,author73138
73836,author73836
73904,author73904
73951,author73951
74281,author74281
74364,author74364
74603,author74603
74987,author74987
75407,author75407
75442,author75442
75449,author75449
75497,author75497
75681,author75681
75726,author75726
76074,author76074
78232,author78232
78682,author78682
78808,author78808
78848,author78848
78960,author78960
79361,author79361
79466,author79466
80353,author80353
80937,author80937
80980,author80980
81334,author81334
81611,author81611
81932,author81932
82040,author82040
82161,author82161
82296,author82296
82407,author82407
82507,author82507
82616,author82616
82663,author82663
82737,author82737
82772,author82772
82994,author82994
83642,author83642
83816,author83816
85018,author85018
85414,author85414
85713,author85713
85714,author85714
85776,author85776
85873,author85873
86041,author86041
86072,author86072
86318,author86318
86520,author86520
86604,author86604
86627,author86627
87023,author87023
87144,author87144
87478,author87478
87563,author87563
87646,author87646
88099,author88099
88169,author88169
88378,author88378
88717,author88717
88733,author88733
89831,author89831
90086,author90086
90105,author90105
90295,author90295
90324,author90324
90355,author90355
90633,author90633
90767,author90767
90838,author90838
91283,author91283
91392,author91392
91584,author91584
91655,author91655
91724,author91724
91970,author91970
92295,author92295
92335,author92335
92385,author92385
92641,author92641
92699,author92699
92816,author92816
92886,author92886
93006,author93006
93055,author93055
93095,author93095
93911,author93911
93951,author93951
93997,author93997
94168,author94168
94243,author94243
94272,author94272
94756,author94756
94996,author94996
95214,author95214
95217,author95217
95241,author95241
95312,author95312
95499,author95499
95567,author95567
95743,author95743
95934,author95934
96177,author96177
96436,author96436
97073,author97073
97579,author97579
97780,author97780
98063,author98063
98212,author98212
98467,author98467
98812,author98812
98828,author98828
98861,author98861
98867,author98867
98919,author98919
99221,author99221
99323,author99323
99979,author99979
100147,author100147
100185,author100185
100811,author100811
100856,author100856
101034,author101034
101275,author101275
101376,author101376
101732,author101732
101823,author101823
102519,author102519
102615,author102615
102833,author102833
102937,author102937
103628,author103628
103784,author103784
103809,author103809
103876,author103876
104082,author104082
104295,author104295
104472,author104472
105262,author105262
105440,author105440
105601,author105601
105692,author105692
105963,author105963
105988,author105988
106105,author106105
106501,author106501
106624,author106624
107135,author107135
107504,author107504
107583,author107583
107651,author107651
107890,author107890
108291,author108291
108488,author108488
108681,author108681
108807,author108807
108892,author108892
109110,author109110
109547,author109547
109855,author109855
109983,author109983
110034,author110034
110135,author110135
110875,author110875
111075,author111075
111163,author111163
111263,author111263
111336,author111336
111347,author111347
111520,author111520
111739,author111739
112411,author112411
112429,author112429
112489,author112489
112864,author112864
113509,author113509
113535,author113535
113894,author113894
113941,author113941
114243,author114243
114317,author114317
114522,author114522
114606,author114606
114882,author114882
115053,author115053
115065,author115065
115108,author115108
115364,author115364
115525,author115525
115621,author115621
115658,author115658
115758,author115758
116137,author116137
116429,author116429
116643,author116643
117042,author117042
117073,author117073
117333,author117333
117501,author117501
117781,author117781
117974,author117974
118007,author118007
118163,author118163
118268,author118268
118840,author118840
119481,author119481
119549,author119549
119552,author119552
120448,author120448
120471,author120471
120566,author120566
120849,author120849
120976,author120976
121023,author121023
121354,author121354
121457,author121457
121581,author121581
121690,author121690
121840,author121840
121852,author121852
121985,author121985
121992,author121992
122001,author122001
122175,author122175
122235,author122235
122878,author122878
123865,author123865
123871,author123871
123897,author123897
123926,author123926
124196,author124196
124237,author124237
124249,author124249
124268,author124268
124404,author124404
124416,author124416
124864,author124864
124945,author124945
125325,author125325
125356,author125356
125388,author125388
125416,author125416
125458,author125458
125524,author125524
125636,author125636
125640,author125640
125677,author125677
125766,author125766
125773,author125773
125808,author125808
126032,author126032
126037,author126037
126104,author126104
126377,author126377
126418,author126418
126440,author126440
126703,author126703
127113,author127113
128447,author128447
128473,author128473
128541,author128541
128646,author128646
128693,author128693
128698,author128698
128723,author128723
129177,author129177
129201,author129201
129255,author129255
129333,author129333
129422,author129422
129652,author129652
130133,author130133
130219,author130219
130447,author130447
130513,author130513
130531,author130531
130663,author130663
130886,author130886
131021,author131021
131349,author131349
131500,author131500
131674,author131674
132010,author132010
132353,author132353
132407,author132407
133174,author133174
134011,author134011
134289,author134289
134624,author134624
134663,author134663
134962,author134962
135271,author135271
135377,author135377
135547,author135547
135566,author135566
135887,author135887
136004,author136004
136147,author136147
136511,author136511
136788,author136788
136813,author136813
136828,author136828
136997,author136997
137302,author137302
137428,author137428
137481,author137481
137619,author137619
137854,author137854
137911,author137911
138016,author138016
138162,author138162
138429,author138429
138435,author138435
138449,author138449
138686,author138686
138795,author138795
138799,author138799
138861,author138861
139051,author139051
139487,author139487
139513,author139513
139541,author139541
139977,author139977
139991,author139991
140100,author140100
140132,author140132
140190,author140190
140806,author140806
140992,author140992
141012,author141012
141139,author141139
141284,author141284
141347,author141347
141569,author141569
141590,author141590
141610,author141610
141688,author141688
141898,author141898
142200,author142200
142361,author142361
142367,author142367
142386,author142386
142464,author142464
142465,author142465
142559,author142559
142583,author142583
142613,author142613
142629,author142629
143282,author143282
143721,author143721
143811,author143811
143917,author143917
143946,author143946
144671,author144671
144893,author144893
144897,author144897
145130,author145130
145219,author145219
145397,author145397
145448,author145448
145451,author145451
145489,author145489
145580,author145580
145599,author145599
145673,author145673
145797,author145797
145960,author145960
146047,author146047
146310,author146310
146486,author146486
146552,author146552
146783,author146783
147334,author147334
147430,author147430
148226,author148226
148361,author148361
148618,author148618
148715,author148715
148753,author148753
148942,author148942
149002,author149002
149242,author149242
149415,author149415
149432,author149432
