user_id,recipe_id,rating
2046,517,5.0
1773,278,4.0
2046,3431,5.0
2312,780,5.0
2312,1232,4.0
2625,471,3.0
2312,164,5.0
2999,3567,5.0
2178,3704,3.0
3794,191,5.0
3794,3525,5.0
2312,3651,5.0
2695,350,1.0
5523,2713,4.0
5523,1229,4.0
6164,1878,0.0
6702,536,3.0
2312,2886,5.0
8639,2886,5.0
8679,1128,5.0
6702,659,3.0
10701,100,3.0
6220,1823,5.0
10216,2802,5.0
10979,2886,5.0
11119,1600,4.0
9121,3722,5.0
11543,2841,5.0
6357,2761,5.0
11297,580,4.0
11044,2675,0.0
11297,2731,4.0
4470,3351,4.0
4470,324,5.0
10896,3273,4.0
4470,2533,3.0
11044,2032,4.0
10896,648,4.0
12200,3595,5.0
10314,2901,5.0
4470,1574,4.0
8631,2267,4.0
10701,606,4.0
8629,930,4.0
11297,170,3.0
12657,464,5.0
13593,3451,5.0
9869,3900,4.0
13483,902,3.0
9869,3463,4.0
15851,376,5.0
15368,432,5.0
4470,834,5.0
14613,113,3.0
16334,834,5.0
6357,2238,3.0
4470,3805,5.0
16171,2886,5.0
6357,3722,4.0
16140,1823,4.0
4470,3057,5.0
17344,3285,5.0
15368,4078,5.0
16140,1136,5.0
14059,246,5.0
15656,2886,5.0
16140,2155,4.0
14059,280,4.0
14059,2700,4.0
10314,2903,5.0
6357,4112,5.0
9869,2886,5.0
18660,3937,5.0
10404,1293,5.0
1634,3624,4.0
13483,617,4.0
9869,4044,5.0
2312,3368,5.0
13483,693,4.0
16140,585,4.0
16140,380,4.0
19895,2387,5.0
15609,2015,5.0
13483,2519,3.0
15572,361,4.0
10314,2988,5.0
18660,3614,4.0
18977,3842,4.0
14386,4079,3.0
9869,3294,5.0
15572,834,5.0
15645,3877,5.0
16140,2761,5.0
21694,3549,5.0
10216,2130,5.0
21694,4096,5.0
10216,1904,5.0
17608,3198,4.0
9869,2387,5.0
16408,62,5.0
20371,3058,3.0
14583,4018,4.0
20371,112,4.0
14613,4032,5.0
14613,3526,3.0
6357,229,4.0
13483,3620,2.0
21752,3549,5.0
13483,834,4.0
14880,2886,5.0
16827,1746,5.0
20371,2535,3.0
19799,3837,5.0
2555,4002,5.0
10216,3504,5.0
21694,4040,4.0
6357,2673,4.0
23701,280,5.0
11295,3567,4.0
20238,3805,5.0
14613,62,4.0
22920,167,4.0
24296,3553,5.0
24296,3579,5.0
6702,4100,4.0
15368,506,4.0
21752,3208,4.0
24296,3201,5.0
20754,3567,5.0
12657,454,4.0
12657,2737,4.0
10649,902,2.0
21432,2987,5.0
10649,825,4.0
21267,3436,5.0
4470,450,5.0
12619,3711,4.0
2312,3616,4.0
10649,190,3.0
20497,361,5.0
20828,3846,4.0
19799,2462,5.0
9580,4110,4.0
6357,3043,3.0
17803,3902,4.0
19419,3713,5.0
19799,834,5.0
20159,3807,4.0
20076,2015,5.0
27366,2901,5.0
9121,2072,1.0
8728,464,4.0
13483,422,4.0
15404,780,5.0
25455,2886,4.0
26268,1035,4.0
20754,3441,5.0
17803,2789,3.0
28750,2886,4.0
13011,3135,4.0
14000,360,5.0
19924,498,5.0
29241,607,5.0
14386,2075,1.0
29361,3506,4.0
13063,3877,5.0
29299,1136,5.0
20754,632,4.0
27643,3595,5.0
14386,3180,5.0
10934,2903,5.0
25455,3742,5.0
20160,1832,5.0
21752,615,5.0
25792,2886,5.0
9590,3285,5.0
30080,246,5.0
4470,3242,4.0
23302,3595,5.0
14613,198,4.0
27385,2364,5.0
21487,1562,4.0
25467,3158,5.0
26341,834,3.0
27643,3847,4.0
27385,3716,5.0
24323,3800,5.0
12882,3094,5.0
12882,3049,5.0
8688,3285,5.0
13063,2578,4.0
11295,676,1.0
28442,1883,5.0
29750,198,5.0
20160,112,5.0
15820,609,5.0
30746,1923,2.0
8688,3294,5.0
12657,456,5.0
5929,617,0.0
30716,2611,5.0
31803,2987,5.0
20214,112,3.0
30067,3180,5.0
32312,3351,5.0
32365,1581,5.0
29196,3103,4.0
32411,3588,1.0
9869,3828,3.0
13063,2131,4.0
18391,3651,4.0
26512,2741,5.0
32725,3595,2.0
18391,3284,5.0
31611,2841,5.0
6258,467,4.0
29014,2535,5.0
5929,3683,5.0
14880,3710,4.0
12882,2535,4.0
29196,834,5.0
20214,3595,5.0
20754,3712,5.0
29920,3730,4.0
4470,3376,4.0
30716,1201,3.0
6512,112,4.0
14613,3180,5.0
24323,930,4.0
31083,2814,5.0
5523,3400,5.0
31914,3495,4.0
34280,46,5.0
25045,3846,5.0
34357,648,5.0
34795,3009,5.0
37080,3470,4.0
23333,246,5.0
30716,617,5.0
25835,2886,4.0
18391,965,5.0
28397,2886,5.0
18391,3975,5.0
27678,1356,4.0
20076,472,4.0
6381,1356,4.0
34725,3470,5.0
35414,3567,4.0
15511,198,5.0
29920,536,4.0
24995,2189,5.0
27643,558,5.0
7456,2537,5.0
27643,3716,4.0
36449,4003,5.0
1891,1293,4.0
27643,2137,5.0
39210,170,3.0
13736,2856,4.0
37229,3579,4.0
31883,2901,5.0
4470,3683,5.0
9869,3555,4.0
12657,514,4.0
25455,4050,5.0
12657,3771,5.0
6651,3358,5.0
30640,3021,5.0
35193,834,4.0
41177,203,5.0
10033,2137,5.0
27395,3021,5.0
27443,4034,5.0
20497,327,5.0
8629,560,4.0
24995,1168,4.0
29196,3920,4.0
7456,2462,5.0
12657,636,5.0
42361,4050,5.0
27381,114,5.0
27381,1035,5.0
8000,2772,0.0
28201,536,5.0
40497,1861,5.0
7676,4100,5.0
25784,3516,3.0
11297,547,4.0
39713,445,4.0
21274,3600,5.0
44192,3464,4.0
31232,3351,5.0
41490,4050,4.0
41973,3370,5.0
43152,503,3.0
31232,246,5.0
41425,271,4.0
1891,2072,5.0
42783,2708,5.0
11297,970,5.0
30503,246,5.0
34725,445,5.0
15572,2815,4.0
37449,2462,5.0
39835,2632,3.0
29291,2705,5.0
4753,2526,0.0
46731,2814,4.0
30503,638,4.0
41874,897,3.0
16459,3788,4.0
48912,2772,5.0
43505,4002,4.0
41550,62,4.0
41487,693,4.0
11044,2886,5.0
27678,3180,5.0
41529,747,5.0
35701,4049,5.0
3794,1042,5.0
30893,1356,5.0
25455,4044,2.0
34272,4079,5.0
12875,916,5.0
39277,3062,5.0
29667,1267,5.0
10033,3471,4.0
10332,3470,5.0
13483,93,5.0
29196,450,4.0
4470,931,5.0
22724,916,5.0
11295,3285,5.0
29956,3103,4.0
39835,3602,5.0
52528,648,5.0
38185,1267,4.0
43846,136,5.0
26657,246,5.0
53366,3037,5.0
46431,1136,5.0
51572,671,4.0
49360,246,5.0
52663,3058,4.0
52306,615,5.0
25996,2111,4.0
28201,3595,5.0
9869,2996,4.0
37471,3595,5.0
6258,3470,4.0
37640,1630,4.0
25455,834,2.0
37868,1481,5.0
51890,2720,3.0
9869,3616,4.0
30298,1356,4.0
5060,346,5.0
53123,3961,3.0
55759,616,5.0
29014,3471,5.0
41531,3472,5.0
50778,203,4.0
53522,2720,4.0
27443,3595,5.0
39311,2526,0.0
4470,3472,5.0
8526,246,5.0
7978,3470,5.0
13483,607,5.0
37106,3161,5.0
39835,49,4.0
36128,3161,5.0
12657,631,5.0
7108,2056,5.0
55406,2267,5.0
37868,3464,5.0
33159,2621,5.0
35635,1293,4.0
55729,834,4.0
37471,355,5.0
37636,246,5.0
49747,2537,4.0
42938,66,4.0
18391,3180,5.0
34206,3285,3.0
57828,4065,5.0
47510,3520,5.0
20480,361,5.0
52652,456,4.0
35140,3470,5.0
12657,1232,4.0
13483,965,4.0
42290,3577,4.0
27783,3370,5.0
55729,3037,4.0
55056,3559,5.0
10113,3057,5.0
29356,3121,5.0
59686,3559,3.0
45999,4050,4.0
35140,3559,5.0
49482,615,5.0
46660,4075,5.0
33135,3010,5.0
42822,3161,5.0
60694,3180,5.0
55729,246,5.0
53425,1033,4.0
26451,3610,5.0
13796,648,5.0
26313,3370,5.0
34272,2072,5.0
32772,3616,5.0
35140,3557,5.0
46840,3610,4.0
6258,2364,5.0
31914,615,5.0
37441,3428,0.0
8526,459,4.0
43152,834,5.0
56498,246,5.0
55729,411,3.0
13063,3200,4.0
14568,2498,5.0
57003,3370,5.0
53286,953,3.0
37779,3701,5.0
56447,1825,4.0
52062,278,5.0
59064,40,5.0
47649,3010,4.0
27452,2189,5.0
20371,3010,2.0
59064,1581,5.0
25784,3161,4.0
10896,535,4.0
59064,638,4.0
44650,167,5.0
55818,3929,5.0
35106,4024,5.0
55785,626,5.0
55370,556,4.0
61357,3286,4.0
22015,1035,5.0
33902,4024,5.0
29450,834,5.0
66899,2675,4.0
45833,2072,5.0
38218,3436,5.0
4470,519,0.0
43083,693,4.0
46545,2576,5.0
37868,693,5.0
65308,4024,5.0
27395,558,5.0
65631,2939,5.0
48065,3803,5.0
60260,536,5.0
9869,2708,5.0
36739,4055,5.0
10934,2686,5.0
28604,1630,4.0
42682,2576,5.0
39394,607,5.0
63927,749,5.0
26094,2189,0.0
61954,536,3.0
68210,181,1.0
38418,1267,4.0
38418,2707,5.0
27843,3180,5.0
56081,175,4.0
68210,2056,5.0
36748,3929,5.0
67525,2543,4.0
21841,3149,5.0
17803,536,5.0
39835,3259,5.0
29655,2741,4.0
37779,2577,5.0
72482,536,5.0
28373,536,5.0
50643,246,5.0
48956,2537,5.0
26278,2821,5.0
64682,2772,4.0
56061,2498,5.0
20076,2713,5.0
52565,1356,4.0
27381,432,5.0
39992,2498,5.0
41409,648,5.0
20084,674,4.0
49773,648,5.0
37147,2713,5.0
74736,3121,5.0
8679,66,5.0
6164,593,5.0
55729,3436,2.0
51538,2577,5.0
35526,593,5.0
75449,820,4.0
41409,3771,5.0
59780,1229,5.0
60908,1633,5.0
78960,834,5.0
71463,825,5.0
8606,2781,5.0
29063,2886,5.0
37636,648,5.0
62086,198,5.0
32772,2886,5.0
52125,3294,5.0
68585,2670,5.0
72978,2848,5.0
44160,131,4.0
76463,3472,4.0
40525,3482,5.0
69983,916,5.0
47636,1157,5.0
59064,2725,4.0
48920,1873,5.0
49304,3294,5.0
53123,1725,5.0
56125,246,5.0
68503,2462,5.0
56670,536,4.0
74603,2841,5.0
47761,2713,4.0
32772,897,5.0
39934,350,4.0
40103,2872,5.0
23466,1600,5.0
44160,3745,5.0
85414,3180,5.0
38865,3929,5.0
85018,445,5.0
49937,2086,5.0
24386,3731,5.0
66520,536,5.0
62043,3439,5.0
6357,3180,5.0
34146,809,5.0
82663,449,0.0
39210,2072,5.0
15572,536,4.0
34879,3185,5.0
34879,2831,5.0
34879,3657,5.0
31364,2462,5.0
58430,3472,5.0
34879,3371,5.0
34879,4040,5.0
60231,834,5.0
82407,970,5.0
82229,3595,5.0
62043,1356,4.0
39835,536,3.0
82772,445,5.0
59886,3595,5.0
65631,1481,5.0
50555,3595,5.0
45902,346,3.0
92699,1293,4.0
55406,2970,5.0
17608,3595,5.0
50969,232,4.0
8414,246,5.0
40984,280,3.0
50969,489,1.0
57256,3057,5.0
36079,2526,5.0
85414,4050,5.0
90838,2675,5.0
24386,3929,5.0
79361,93,5.0
18391,3408,5.0
58038,615,4.0
51572,2284,4.0
29820,2086,4.0
29820,1955,1.0
39835,953,3.0
79737,3313,5.0
56130,536,5.0
86855,3180,5.0
56112,519,5.0
56670,1157,4.0
4470,321,5.0
63128,156,3.0
43846,3482,5.0
39949,40,4.0
92886,2526,3.0
87023,642,5.0
67059,2496,5.0
52176,3745,5.0
16459,143,4.0
64934,615,5.0
37868,615,4.0
64934,519,5.0
27643,143,5.0
27643,1129,4.0
34146,642,5.0
26512,246,5.0
15851,615,4.0
47510,246,2.0
100147,1145,5.0
68728,567,5.0
31232,3595,5.0
95743,3049,5.0
46660,916,2.0
69838,223,2.0
64583,2707,5.0
94996,860,5.0
58339,834,4.0
81611,45,5.0
35140,378,5.0
86318,70,0.0
36124,3609,4.0
59780,2746,4.0
92486,3929,5.0
69927,3259,1.0
79466,970,5.0
50067,642,5.0
41228,3121,3.0
94575,3397,5.0
9869,346,5.0
100788,3929,5.0
100811,246,5.0
93444,3397,5.0
52640,1955,5.0
55729,615,4.0
37305,3609,5.0
86318,4018,5.0
90355,1721,5.0
86318,2267,5.0
86318,270,5.0
102937,2665,5.0
56181,3271,5.0
100147,615,4.0
29410,4018,4.0
52062,270,5.0
13796,2823,5.0
108231,3600,5.0
62832,2823,5.0
64625,2615,5.0
81611,1438,5.0
4470,3806,5.0
103809,3057,5.0
54643,736,5.0
52733,3913,4.0
108231,3595,5.0
55690,2987,5.0
95743,2836,5.0
87144,615,5.0
55647,3397,5.0
13483,3278,5.0
40533,809,5.0
52543,3609,5.0
100147,1136,4.0
56181,3049,4.0
100147,396,3.0
82994,3929,3.0
95743,3806,5.0
108291,834,4.0
36803,2509,5.0
76951,3294,5.0
20114,2555,5.0
79466,2498,4.0
2148,2056,5.0
22504,520,3.0
75303,4049,5.0
13483,3745,5.0
66321,374,5.0
52543,3806,5.0
56180,820,5.0
56002,2526,4.0
27452,3180,5.0
20214,246,5.0
13796,298,4.0
84657,4007,5.0
56180,3222,5.0
60694,3651,5.0
100147,2901,5.0
64642,3000,1.0
68928,3713,5.0
35848,3057,5.0
115506,3296,4.0
51011,749,5.0
83077,3902,5.0
26075,1630,3.0
107651,1746,4.0
98861,2707,5.0
35526,1035,5.0
64154,4075,5.0
37289,1797,5.0
9328,1035,5.0
86041,506,4.0
59064,3381,4.0
37779,3610,4.0
59780,1904,5.0
50445,3711,5.0
112429,2708,5.0
114974,3158,5.0
31499,3313,4.0
85018,1157,5.0
18391,2571,5.0
104600,3590,0.0
117073,567,5.0
86627,3032,5.0
82648,3158,5.0
113997,4050,5.0
21487,615,5.0
64683,593,4.0
113535,1035,5.0
104144,3902,5.0
115621,3800,5.0
86318,2974,4.0
87819,3913,5.0
41874,809,5.0
35848,3806,5.0
79737,4075,5.0
82296,167,5.0
4470,854,4.0
41799,3370,3.0
115621,970,5.0
59064,383,4.0
83816,2588,3.0
72093,860,5.0
117333,860,5.0
38643,3806,5.0
56392,3806,4.0
82040,1356,5.0
95743,860,5.0
18391,3771,5.0
12619,3595,5.0
33588,3294,5.0
41706,3439,4.0
85714,3900,4.0
36128,2885,5.0
39762,536,5.0
104082,2510,4.0
73138,536,4.0
42309,1904,5.0
122235,3009,4.0
10033,3451,5.0
50778,198,5.0
115364,424,5.0
34879,4084,5.0
123865,1904,5.0
116643,747,5.0
109547,3929,5.0
20754,3624,4.0
93095,3834,5.0
126037,2707,5.0
98867,536,5.0
87563,112,4.0
90355,2146,5.0
8526,278,5.0
120849,2708,5.0
110875,3439,4.0
57400,809,5.0
51292,609,5.0
99323,689,5.0
31364,402,5.0
109983,1522,5.0
39194,3834,5.0
102615,346,5.0
20754,3158,5.0
56002,2072,5.0
55578,834,4.0
101919,3929,5.0
85528,3472,5.0
60992,1581,5.0
53859,636,5.0
128541,1721,4.0
59588,1581,5.0
61954,186,4.0
13483,3397,5.0
85414,1196,3.0
128698,820,4.0
35526,2056,5.0
41228,2751,5.0
66246,3370,5.0
116900,3595,5.0
93095,630,4.0
35193,747,4.0
68884,3595,3.0
112880,3441,5.0
58892,3520,5.0
36944,615,4.0
117781,2496,5.0
91392,3745,5.0
10701,3122,4.0
55380,3400,5.0
101034,3472,2.0
99979,3470,5.0
4470,3003,4.0
95934,2781,5.0
20754,409,3.0
20754,2707,5.0
34025,2903,5.0
120976,648,4.0
133174,2553,5.0
6258,1356,5.0
85714,2886,5.0
125266,4034,5.0
27783,931,5.0
22015,4112,5.0
56463,2553,5.0
6651,1522,5.0
93095,2705,5.0
20754,3993,5.0
109631,4040,5.0
34025,2901,5.0
109631,4042,5.0
139051,327,5.0
66321,2712,5.0
10113,346,4.0
112429,2707,5.0
64642,2828,4.0
129333,2900,4.0
60260,931,5.0
68884,2238,5.0
4470,1578,5.0
74904,3180,5.0
39835,471,5.0
39835,3496,4.0
130663,776,5.0
67270,3032,3.0
67835,3033,5.0
44589,2886,5.0
64583,92,5.0
132407,749,5.0
108954,3370,5.0
86520,444,4.0
68715,1296,4.0
8629,3834,4.0
26075,3330,5.0
55818,3400,5.0
36944,519,5.0
4470,3937,5.0
95743,445,5.0
73904,2072,5.0
134663,1035,5.0
142613,2072,0.0
13483,445,5.0
121581,2788,4.0
34214,2528,5.0
103876,4052,5.0
143811,2963,0.0
121985,2129,5.0
143946,3868,5.0
62086,181,3.0
132353,40,5.0
131126,3731,5.0
37471,445,5.0
103876,1612,4.0
26278,3617,5.0
45833,445,5.0
95098,3731,5.0
81611,3600,4.0
98016,3525,5.0
98016,4110,5.0
134663,965,5.0
22973,2113,5.0
87646,1481,4.0
68715,825,5.0
104827,3595,5.0
128693,860,5.0
126703,1356,4.0
90799,3470,5.0
145673,198,5.0
126602,3408,5.0
22174,820,0.0
26711,2886,5.0
18510,3237,5.0
110875,519,5.0
67026,3464,3.0
51224,3668,5.0
4470,938,5.0
59064,2842,3.0
145397,632,5.0
147135,3397,5.0
131674,3397,5.0
56392,536,4.0
44383,1306,5.0
15572,3224,4.0
149174,3180,5.0
54678,609,4.0
74736,3595,5.0
148753,749,0.0
46660,1599,4.0
108681,290,5.0
148361,3595,4.0
59144,2885,5.0
17803,3760,4.0
140992,4007,5.0
146120,3595,5.0
121023,1725,5.0
56181,266,4.0
116371,3929,5.0
128473,3711,5.0
151418,3683,5.0
43514,3768,5.0
134962,2827,5.0
126104,2670,5.0
121852,2886,5.0
44372,3273,3.0
135887,1035,5.0
18549,346,5.0
92385,2842,4.0
129958,3595,5.0
100185,1320,4.0
102519,246,3.0
110034,514,4.0
5060,143,4.0
53373,2659,2.0
85018,143,5.0
133174,52,5.0
37636,519,5.0
155091,1106,3.0
95535,3370,5.0
91453,3929,5.0
22015,593,5.0
65056,4112,5.0
128447,834,2.0
104295,4112,5.0
10033,2886,5.0
153982,376,5.0
101823,93,5.0
71324,3064,5.0
156653,860,4.0
119552,346,4.0
86318,617,5.0
31232,3760,5.0
55850,617,5.0
25792,3595,5.0
4470,1073,5.0
28604,3954,5.0
82616,473,5.0
103809,445,4.0
127971,3954,5.0
34146,4055,5.0
152855,3470,0.0
145219,270,4.0
1535,3014,4.0
86318,2700,5.0
122175,2886,5.0
41531,1746,5.0
151679,280,5.0
131674,3916,5.0
55128,3595,4.0
137302,2885,5.0
155595,2886,5.0
156653,3010,5.0
123897,2087,5.0
15892,970,5.0
92641,2886,5.0
158600,3849,5.0
20754,2710,5.0
123926,2886,5.0
29300,536,4.0
118268,3745,5.0
133174,595,5.0
157760,567,3.0
88378,2707,2.0
160157,3929,5.0
142200,3470,5.0
4470,2815,5.0
155886,1904,3.0
101275,2695,5.0
57256,2815,5.0
58217,3401,5.0
138162,2576,5.0
64203,1035,5.0
6258,3400,5.0
31316,3180,0.0
128723,2781,5.0
92641,3900,5.0
42720,1035,5.0
57915,4065,5.0
162833,3470,5.0
47907,3470,5.0
124945,1356,4.0
115065,1356,4.0
59064,1662,3.0
146047,1746,5.0
4470,167,5.0
37471,1035,5.0
125325,809,5.0
58469,809,4.0
115621,2708,5.0
92796,3408,5.0
159645,2886,5.0
74904,3121,5.0
1535,2677,5.0
50551,3745,5.0
120849,3470,5.0
155091,1048,4.0
63128,3667,4.0
163986,2015,4.0
147430,2708,5.0
49499,2537,5.0
12481,558,5.0
111347,2886,4.0
54885,558,5.0
20754,213,4.0
64625,504,5.0
28346,2144,4.0
110875,456,5.0
34280,3357,5.0
114317,273,5.0
12118,634,4.0
76559,3441,4.0
157248,1236,5.0
65631,3595,4.0
144893,693,4.0
162888,1955,3.0
117781,632,5.0
134875,3683,5.0
29655,3057,5.0
29196,3787,5.0
167659,1035,0.0
55729,3057,5.0
65056,519,5.0
158131,1306,4.0
118268,2862,4.0
118007,1883,5.0
101823,3264,4.0
1535,1035,5.0
165082,2498,5.0
92295,1904,5.0
18649,2625,5.0
37636,3805,5.0
64203,3683,5.0
170883,632,5.0
167277,2498,5.0
59064,2611,4.0
171423,897,0.0
64203,834,5.0
1535,834,5.0
165845,635,5.0
96436,3745,5.0
147095,3805,5.0
52543,3683,5.0
41894,560,5.0
37636,3568,4.0
171345,3929,5.0
173674,280,4.0
124614,3470,5.0
138265,3954,3.0
173674,825,5.0
52074,1103,5.0
33159,1259,4.0
82507,3021,5.0
33159,2056,3.0
158008,3030,3.0
158328,2686,5.0
33159,1103,4.0
174706,3470,5.0
67656,780,5.0
170853,3579,5.0
25455,3371,4.0
174991,759,5.0
67719,4075,5.0
93951,4049,5.0
43083,3659,5.0
115658,2571,4.0
37636,3683,4.0
156842,4007,5.0
58619,3577,5.0
107135,2835,5.0
36079,342,5.0
68460,290,5.0
12619,3365,0.0
156653,2502,5.0
31331,2498,5.0
50151,3713,5.0
82905,3397,5.0
176591,780,3.0
175824,636,5.0
146047,820,4.0
42337,539,5.0
52377,4079,5.0
172169,355,4.0
166185,3497,5.0
87557,3408,5.0
142583,198,5.0
9869,2815,5.0
146486,3745,5.0
169969,3683,3.0
53609,3470,5.0
172169,1128,4.0
172169,3937,4.0
134624,4049,4.0
67835,2982,5.0
179133,1035,5.0
176615,632,5.0
37106,198,5.0
101034,3057,5.0
82161,198,5.0
56970,1035,5.0
180780,4100,5.0
181037,3470,5.0
56112,2561,5.0
174812,3595,5.0
141139,361,3.0
180956,3912,3.0
145451,860,5.0
121985,1236,5.0
169969,3470,5.0
28339,1157,5.0
181879,3929,3.0
27643,3161,5.0
65957,1873,5.0
93006,1035,3.0
37449,719,5.0
4470,2785,5.0
136511,3595,5.0
183533,93,2.0
121840,2677,5.0
158966,519,5.0
4470,2056,5.0
167225,3007,5.0
145960,565,4.0
87236,3656,5.0
48288,3180,5.0
121985,1945,4.0
90767,2930,5.0
122001,2086,3.0
165007,3286,4.0
79816,3470,5.0
101376,3230,5.0
125773,2727,5.0
87023,1296,4.0
167225,224,0.0
186371,673,5.0
26041,2940,5.0
134624,3768,4.0
90355,3180,5.0
173674,4079,5.0
95743,535,5.0
79877,3771,5.0
94272,690,4.0
168462,674,4.0
180090,3745,4.0
145599,498,4.0
72386,2072,5.0
50551,1633,5.0
176574,301,5.0
4439,301,5.0
65056,464,4.0
124864,632,5.0
155675,2886,4.0
39835,962,5.0
88733,2496,5.0
48288,3595,5.0
4470,3764,5.0
163241,519,5.0
116401,3595,5.0
173579,2015,5.0
177443,3023,5.0
134289,2129,4.0
71029,3595,5.0
82616,665,5.0
184081,3064,5.0
172369,3470,5.0
91655,2886,5.0
162954,3977,0.0
95934,3014,4.0
4740,506,5.0
185991,361,3.0
185721,324,5.0
5060,3166,5.0
129008,3888,5.0
47175,3441,5.0
173579,3180,5.0
189198,3180,5.0
27678,3166,5.0
67656,492,3.0
177085,536,3.0
133845,3470,5.0
96177,3470,2.0
187103,503,3.0
189579,3408,3.0
174121,3166,5.0
136147,3470,5.0
55166,3015,5.0
70082,3745,5.0
115758,962,4.0
51109,931,4.0
63048,3180,4.0
44780,3805,5.0
41799,3397,5.0
177443,3597,5.0
160555,4042,5.0
161953,1399,4.0
196111,2886,5.0
161953,3407,5.0
149432,615,2.0
149415,536,4.0
10033,519,5.0
138016,3180,4.0
68588,3595,5.0
31364,3470,5.0
71324,3166,5.0
78808,2625,5.0
124030,3166,5.0
47510,363,5.0
160114,3595,5.0
52543,2072,5.0
196065,4049,5.0
180090,749,5.0
121581,2625,5.0
129652,280,4.0
186071,464,5.0
89831,2791,5.0
93055,1236,5.0
82924,3470,5.0
198709,49,4.0
1533,2137,5.0
7108,3057,5.0
49304,623,5.0
127113,683,5.0
67656,615,4.0
136997,3730,5.0
71613,3180,4.0
182628,3579,5.0
89831,3294,5.0
42720,519,5.0
58104,3581,5.0
187777,3161,5.0
145731,3745,4.0
7108,749,5.0
35526,3929,5.0
39835,637,5.0
29405,4007,5.0
17803,181,4.0
194232,3704,5.0
153063,4018,4.0
171854,652,4.0
107135,3242,5.0
152393,3579,5.0
104295,824,5.0
75705,3370,5.0
22788,3470,5.0
189616,1217,5.0
152995,3180,5.0
137619,278,5.0
95743,3431,5.0
129201,1823,5.0
67395,2940,5.0
91453,3168,5.0
182809,3916,5.0
129652,632,4.0
33588,647,5.0
137911,607,5.0
111163,2930,5.0
187955,590,5.0
22642,659,5.0
186548,3285,5.0
153188,519,3.0
98063,683,4.0
126032,3470,5.0
91453,3103,4.0
117974,519,5.0
69838,256,4.0
65197,536,4.0
27678,85,5.0
35526,3294,5.0
125579,3180,5.0
56112,256,5.0
206191,4042,5.0
42720,2873,5.0
38643,561,5.0
195076,2137,5.0
138016,642,4.0
157435,232,5.0
201064,2886,5.0
186070,3294,5.0
1535,1564,4.0
47892,4003,4.0
69863,1550,5.0
200728,3278,2.0
56463,825,5.0
4439,3389,5.0
92886,634,4.0
169484,2886,1.0
68960,272,4.0
179456,3717,4.0
140331,3834,5.0
209067,2708,5.0
138861,3772,5.0
47510,3216,4.0
187442,749,5.0
137911,3610,5.0
125636,1746,5.0
59780,556,5.0
151638,2886,5.0
157306,3057,5.0
22015,3219,5.0
168087,2886,3.0
35701,1438,5.0
162725,2886,5.0
39547,314,5.0
184723,834,5.0
190696,2886,5.0
65634,3983,4.0
129422,1236,4.0
188119,2072,5.0
188119,780,5.0
209743,314,5.0
43216,3451,5.0
35093,601,0.0
146310,2267,5.0
81932,198,0.0
144671,2886,5.0
153067,2561,5.0
138861,3683,4.0
102289,3472,5.0
199708,3745,5.0
65056,2528,4.0
128541,3286,5.0
133174,3168,4.0
133174,375,5.0
162759,346,5.0
62191,2474,5.0
59780,2625,5.0
189616,3470,5.0
179133,445,4.0
124799,3591,4.0
171920,2462,5.0
199657,2267,0.0
113941,3470,5.0
153188,3286,5.0
188119,2886,5.0
29782,1612,5.0
179133,2939,5.0
170359,3687,5.0
58104,2698,0.0
157102,2727,5.0
189393,91,5.0
106635,3219,4.0
103628,834,4.0
214225,2705,0.0
82616,3284,5.0
33902,1693,5.0
106624,3219,0.0
74364,2072,5.0
178010,1035,5.0
129652,3595,5.0
145960,2658,5.0
153188,589,5.0
113894,749,5.0
199213,3687,5.0
189579,2531,2.0
29782,376,5.0
4470,2712,0.0
163120,3180,5.0
126032,975,5.0
42651,3351,5.0
165933,2708,5.0
177435,3293,4.0
120566,361,3.0
81611,2708,5.0
38281,1662,0.0
65056,779,5.0
117074,3339,3.0
86520,524,4.0
209603,3570,5.0
58407,3397,5.0
65056,524,5.0
126032,1524,5.0
79180,3470,4.0
153188,1204,1.0
104295,782,5.0
173579,3161,5.0
197411,2072,4.0
29196,605,4.0
8688,2633,4.0
104295,2645,4.0
153188,583,1.0
207478,2969,5.0
158131,3595,4.0
162826,612,5.0
68460,2582,4.0
37449,3370,5.0
174547,3711,5.0
82616,3166,5.0
54271,1035,5.0
5060,3459,5.0
11297,1581,5.0
81334,2072,5.0
59780,615,5.0
104472,436,5.0
168462,2267,5.0
124249,2072,5.0
82616,615,5.0
53932,2533,4.0
186575,3929,4.0
118840,536,4.0
36128,2267,5.0
191990,1904,5.0
126032,557,5.0
27060,3313,5.0
218516,536,0.0
62043,825,5.0
218516,3668,4.0
173579,3017,5.0
85713,2100,2.0
205428,536,5.0
97579,1151,5.0
224740,2708,5.0
42720,2129,5.0
39754,642,5.0
146783,3182,5.0
146486,3161,5.0
103876,1217,5.0
156691,3014,4.0
65197,3910,5.0
215260,2886,5.0
223926,536,5.0
145797,2965,4.0
20754,3055,5.0
184081,2886,3.0
207907,1075,0.0
223882,3400,4.0
212021,536,5.0
67403,975,5.0
95743,2815,5.0
227108,2015,4.0
91724,197,5.0
73951,636,5.0
132010,3057,5.0
17803,3378,3.0
225179,1217,5.0
164182,2614,4.0
209983,3378,5.0
54023,3397,5.0
148618,860,5.0
196296,854,5.0
126032,483,4.0
195423,3812,5.0
171321,970,5.0
83093,3161,5.0
97895,3626,5.0
65056,3159,4.0
29418,615,4.0
190112,3397,5.0
230714,3595,4.0
110135,536,5.0
62675,860,4.0
22015,46,5.0
85873,1356,5.0
56112,1079,4.0
136147,1356,5.0
188744,4065,5.0
67656,3929,3.0
228241,314,5.0
133174,456,5.0
42058,3980,3.0
233319,820,4.0
229283,467,1.0
196369,659,5.0
231160,3370,5.0
233044,860,5.0
58762,3161,4.0
124249,3837,4.0
21297,2267,5.0
176615,464,5.0
55205,3470,5.0
60260,1861,5.0
234244,2614,3.0
76074,2886,5.0
232898,1832,5.0
73836,432,5.0
225605,3368,5.0
174547,3436,5.0
174547,203,5.0
225903,2267,5.0
110905,3400,0.0
208753,749,5.0
162158,3397,5.0
180090,3610,5.0
153919,3295,5.0
59780,3470,5.0
59780,2814,4.0
119466,4075,5.0
67656,749,5.0
177219,3000,5.0
125677,198,5.0
64032,3929,5.0
29014,3800,5.0
221044,749,5.0
167242,2032,4.0
111336,693,0.0
105262,2708,5.0
174121,693,5.0
42217,1267,5.0
194993,3602,5.0
47892,277,3.0
142361,3846,5.0
184723,2762,5.0
107135,2526,5.0
52282,2329,4.0
115805,3180,5.0
158813,2072,4.0
164368,3595,4.0
128447,3470,5.0
64625,3892,5.0
223169,3390,5.0
142200,749,5.0
171854,2496,5.0
209318,290,4.0
140132,506,5.0
37449,860,5.0
98063,3710,5.0
56986,456,5.0
124249,342,5.0
215765,536,5.0
96177,2425,5.0
146310,2658,4.0
65056,3687,5.0
227652,632,5.0
212379,3368,5.0
111347,1438,5.0
35635,2973,5.0
223651,916,5.0
227039,3284,5.0
78848,2498,5.0
112411,1267,5.0
133853,3805,3.0
59780,3713,5.0
11461,3470,5.0
242167,590,5.0
189616,536,5.0
169850,809,4.0
92335,2164,5.0
131807,3470,5.0
209718,3233,5.0
183098,3470,0.0
244897,3441,5.0
65414,2895,5.0
219291,3470,5.0
233775,2576,4.0
6258,2519,4.0
189616,1356,5.0
68884,3441,5.0
160974,1721,5.0
185991,544,5.0
95044,3441,5.0
67656,2518,4.0
188119,749,5.0
58210,3470,4.0
48107,615,4.0
242006,2553,4.0
153919,2625,5.0
95743,365,5.0
161717,3441,5.0
237154,2267,5.0
74652,3470,3.0
246367,1035,5.0
123871,536,5.0
202661,3900,5.0
126106,3470,5.0
188119,3656,5.0
188119,3103,5.0
4439,536,5.0
188119,3284,5.0
246399,2498,5.0
193103,1317,4.0
104295,2509,5.0
236556,536,5.0
29300,3565,4.0
148226,665,5.0
232480,4065,2.0
86604,2496,0.0
165855,3470,4.0
246367,2238,5.0
146486,3470,5.0
72017,536,4.0
163148,3470,5.0
56463,3472,5.0
225573,601,5.0
222139,3849,5.0
157425,339,5.0
95312,2930,5.0
235751,170,5.0
41894,3161,5.0
203607,3805,5.0
58852,1042,5.0
258050,198,5.0
193789,3713,5.0
193710,3470,5.0
227039,2886,5.0
105963,834,4.0
257358,749,5.0
101732,2498,5.0
73836,3470,5.0
65197,3180,5.0
54067,860,4.0
203325,3470,3.0
213699,3954,5.0
65197,782,5.0
186487,2496,5.0
221978,3308,5.0
196296,1797,5.0
148068,3471,5.0
179256,601,5.0
257391,2086,5.0
229619,2670,5.0
227130,1162,4.0
248772,3731,5.0
190230,318,5.0
131500,2582,5.0
65720,2498,5.0
214911,378,5.0
198940,3616,5.0
64631,1236,5.0
165263,3983,4.0
209747,512,5.0
58104,512,5.0
2312,3567,5.0
53368,3841,5.0
107140,3313,5.0
155311,519,5.0
205983,4080,0.0
245866,2781,5.0
239694,860,5.0
105816,3595,4.0
186802,3795,5.0
173579,1042,4.0
209255,243,5.0
236606,3180,4.0
109110,617,4.0
58836,1035,5.0
144204,3565,4.0
53932,558,5.0
235198,2781,5.0
197023,544,5.0
222433,860,4.0
190628,4075,5.0
110210,3470,5.0
49168,3975,5.0
29782,240,5.0
46134,1904,5.0
138583,3313,5.0
108488,608,5.0
271221,2695,5.0
188415,1196,2.0
148068,3286,5.0
47907,519,5.0
177392,3397,5.0
53123,3795,5.0
174991,2498,5.0
133423,3595,5.0
179232,4075,5.0
222836,2819,1.0
214855,3642,5.0
9869,1157,5.0
232480,3470,5.0
98919,834,0.0
29782,1129,5.0
168462,3581,5.0
90086,203,5.0
173579,1317,4.0
197023,3723,5.0
180904,1157,5.0
120471,674,4.0
180952,378,5.0
236470,94,5.0
133174,3983,5.0
103876,1317,4.0
101732,3581,5.0
246478,3976,5.0
189616,3623,5.0
65197,1660,5.0
129333,1861,5.0
38218,3900,5.0
247241,658,4.0
237533,3929,5.0
145960,2713,5.0
189500,615,5.0
253974,1873,5.0
186070,3929,5.0
157102,3954,5.0
282066,2474,5.0
99624,4042,5.0
175727,536,4.0
174547,167,5.0
244815,860,5.0
244815,3782,5.0
131674,2498,5.0
68884,1317,4.0
278113,3559,5.0
222139,3470,5.0
178220,2708,5.0
188119,3436,3.0
274065,3368,5.0
246344,2670,3.0
59780,2973,5.0
276833,2856,5.0
104295,632,5.0
156653,1236,5.0
101919,3470,5.0
281132,3444,5.0
22015,2496,5.0
101376,3780,5.0
196322,607,5.0
175481,2496,5.0
125773,1317,5.0
224367,82,5.0
268254,1356,5.0
25356,4075,5.0
205100,992,5.0
121690,561,5.0
64625,565,4.0
269899,3057,5.0
64203,2164,5.0
37305,3691,5.0
289109,749,5.0
278184,3470,5.0
289292,3800,5.0
216321,342,5.0
83314,3595,5.0
289109,4042,5.0
27678,109,5.0
163112,2155,4.0
191533,1693,5.0
37072,1157,4.0
43642,3180,5.0
225372,2678,4.0
187507,4075,5.0
215898,2137,5.0
199020,2708,5.0
2310,1133,5.0
95214,2615,5.0
284922,84,5.0
288693,1157,0.0
230258,4000,4.0
185684,2496,5.0
246367,2496,5.0
200974,3470,5.0
236959,1356,5.0
137911,2708,5.0
237201,456,5.0
98828,1873,5.0
209942,4075,5.0
222564,3834,4.0
53932,897,5.0
124249,860,5.0
37305,1940,5.0
235355,749,5.0
184723,2496,5.0
56087,2885,5.0
287087,1100,4.0
134624,1246,4.0
208455,3441,5.0
124249,2164,4.0
152021,2708,5.0
182312,2814,4.0
268644,1127,2.0
125458,375,5.0
135271,459,4.0
109547,2496,5.0
16777,2496,5.0
183684,860,5.0
169017,665,1.0
254614,3623,5.0
106624,2496,0.0
55850,607,5.0
29014,2886,5.0
75726,567,2.0
299463,1249,5.0
158446,4042,5.0
211457,749,5.0
107135,653,5.0
69161,3503,5.0
109855,3043,5.0
199657,1151,5.0
54678,825,5.0
222478,2068,5.0
121023,3929,5.0
139381,3168,5.0
125325,2574,5.0
53932,346,5.0
101732,3929,3.0
288693,916,5.0
22015,563,3.0
22015,2622,3.0
175492,932,5.0
151325,484,4.0
175727,2841,4.0
140806,4052,5.0
227039,1557,5.0
52262,2496,5.0
297274,4110,4.0
227652,736,0.0
304375,1356,5.0
254614,2743,3.0
267574,2267,5.0
219618,456,5.0
168922,3470,5.0
227607,749,5.0
27678,3728,4.0
175492,2950,5.0
226288,1356,5.0
288143,2496,5.0
247241,546,5.0
199953,536,4.0
222055,2267,5.0
189616,3837,4.0
101823,3431,5.0
67738,561,5.0
285051,2496,5.0
175492,2960,5.0
226863,2901,5.0
129255,2387,5.0
229619,2648,5.0
229619,496,5.0
80087,3782,4.0
47559,3401,5.0
226863,749,5.0
215000,3146,4.0
215000,1267,4.0
157425,938,5.0
215000,170,3.0
215000,520,4.0
185285,2973,5.0
125356,2891,5.0
306333,1133,5.0
230258,4007,5.0
29196,3720,5.0
168423,1035,5.0
304561,2496,5.0
86318,4106,3.0
111347,834,4.0
224235,2982,5.0
164182,131,5.0
291164,3782,4.0
251917,2072,5.0
315077,2496,5.0
220153,3626,5.0
229052,3351,5.0
53932,2708,5.0
164182,736,5.0
188415,3496,4.0
40152,2072,5.0
140992,2677,5.0
55523,4007,5.0
57222,825,4.0
40114,3838,3.0
88099,2959,4.0
222478,690,5.0
157425,1522,5.0
241579,346,5.0
128473,2841,5.0
213705,2885,5.0
173579,860,5.0
65720,689,5.0
158375,548,3.0
204628,777,5.0
19166,2677,5.0
86072,2710,4.0
294000,4075,5.0
34122,3359,5.0
20754,2526,4.0
175405,175,4.0
262353,3929,5.0
237655,3745,5.0
308858,2072,5.0
173783,2072,5.0
27416,3294,5.0
20754,408,5.0
217867,1528,5.0
121581,3180,5.0
297076,3184,5.0
131674,543,5.0
269331,3368,5.0
168087,2496,5.0
221617,3929,5.0
203717,2647,5.0
203717,3008,4.0
150497,2072,5.0
131674,376,5.0
149002,2891,5.0
60124,916,5.0
219352,2708,5.0
129177,2708,0.0
283787,2137,5.0
82616,3180,5.0
224930,376,3.0
203717,1719,3.0
176615,705,4.0
154809,4075,5.0
185442,1356,5.0
129652,2781,4.0
219733,2496,5.0
124249,2496,5.0
240668,2496,5.0
201614,3397,5.0
107135,278,5.0
284922,1136,5.0
5060,3103,4.0
175803,2708,5.0
110654,4084,5.0
254415,2137,5.0
169302,512,5.0
86318,435,5.0
131349,3062,4.0
120121,3184,4.0
58636,376,4.0
54697,3397,5.0
74987,2137,5.0
142367,2576,5.0
176615,3027,5.0
192809,432,5.0
198940,2238,4.0
5060,3168,5.0
251917,3472,5.0
305531,2800,5.0
204153,749,5.0
236470,776,5.0
179827,3900,5.0
201614,376,5.0
187705,749,5.0
173579,3294,5.0
206101,536,4.0
267241,2579,5.0
283390,2797,3.0
141569,1870,5.0
64918,2652,5.0
231495,809,5.0
64642,3595,3.0
218516,1693,5.0
56002,2686,5.0
115658,3745,5.0
98919,3397,5.0
137911,3180,5.0
11297,3168,5.0
283390,2724,5.0
191050,4075,5.0
56463,375,5.0
23424,2885,5.0
219942,1746,4.0
211184,1940,5.0
307059,1699,4.0
104295,749,5.0
316453,346,5.0
278639,689,5.0
184723,519,5.0
142559,2144,4.0
248206,749,5.0
329251,860,5.0
3205,860,5.0
257506,749,5.0
264230,2708,5.0
222696,1438,5.0
19166,3579,5.0
205100,3370,5.0
13483,2496,5.0
31316,3598,5.0
59780,1106,4.0
329618,3470,4.0
165308,595,1.0
148715,2496,5.0
337472,860,5.0
165933,1356,4.0
329554,3397,5.0
249893,2496,5.0
75497,2859,3.0
267665,2708,5.0
148715,2886,4.0
216320,3860,5.0
253131,432,5.0
38745,2498,5.0
344716,1322,2.0
284266,2364,5.0
250440,2708,4.0
215062,3711,5.0
227607,3805,5.0
199953,175,4.0
297540,1133,5.0
184400,4007,4.0
276502,2072,5.0
234771,2886,4.0
49414,3470,4.0
101732,2920,5.0
130133,2462,5.0
284922,536,5.0
96177,2498,5.0
255186,3805,5.0
86318,2872,5.0
34834,3929,5.0
82616,3782,5.0
280529,809,3.0
78682,536,3.0
52125,519,5.0
249657,1600,5.0
333374,4032,5.0
226134,3184,5.0
64154,536,4.0
152313,536,1.0
209942,3368,5.0
324621,693,5.0
90767,809,5.0
255338,916,5.0
296790,324,5.0
319738,809,4.0
34357,749,5.0
38643,3441,4.0
227024,860,5.0
230771,3161,5.0
64642,3183,0.0
107890,3559,5.0
201762,2496,5.0
340847,3470,5.0
142464,2496,5.0
175124,456,5.0
289319,834,4.0
335428,2164,3.0
356738,749,4.0
107504,271,5.0
53171,3037,5.0
199198,2537,5.0
50002,270,5.0
313167,820,4.0
52125,1356,4.0
137815,3436,5.0
98812,693,5.0
215000,3576,3.0
185142,2498,5.0
192974,2835,4.0
213003,1600,5.0
46630,2886,5.0
226989,4010,1.0
222564,3222,5.0
54678,3902,5.0
253370,2267,5.0
202661,916,0.0
172114,3782,5.0
356992,3470,5.0
187128,2537,5.0
119549,1356,5.0
105601,3582,5.0
166711,2535,4.0
30209,2498,5.0
142463,3470,4.0
221351,456,5.0
188119,2814,5.0
345915,1151,0.0
194702,2496,5.0
297076,3092,5.0
337657,3294,5.0
84272,3745,4.0
229619,3609,4.0
296809,3846,4.0
177135,2496,4.0
8688,648,5.0
163350,3470,5.0
362213,2056,5.0
225752,3687,5.0
230258,2496,5.0
143721,3764,3.0
254415,2496,5.0
83093,3846,5.0
5060,3376,4.0
127600,3595,5.0
57003,632,5.0
269891,2886,5.0
175824,2708,5.0
131057,3805,5.0
48263,3560,5.0
321651,3470,5.0
199848,3092,5.0
304631,3092,5.0
80980,4018,4.0
371738,3286,5.0
337657,607,5.0
275316,324,5.0
67270,1746,4.0
230258,3683,4.0
35140,3425,5.0
222478,4063,5.0
378632,2708,5.0
186674,749,5.0
288618,2708,5.0
176615,2772,5.0
41894,2267,5.0
362522,3378,5.0
35526,506,5.0
302094,3294,5.0
251626,2267,5.0
57787,3730,5.0
136997,860,4.0
47335,4075,5.0
359220,3470,5.0
233468,460,5.0
304222,1249,4.0
387708,3163,4.0
337978,3370,5.0
283390,492,4.0
29667,536,3.0
168462,4075,5.0
268272,2498,5.0
91283,820,5.0
82994,650,4.0
2310,3470,4.0
84038,3713,5.0
145489,378,5.0
244264,2677,5.0
109353,3713,4.0
258819,360,5.0
199657,4002,3.0
312577,232,5.0
115108,246,5.0
165263,2498,5.0
376098,3180,5.0
289319,647,4.0
302293,2731,5.0
100026,3860,4.0
345756,4075,5.0
138861,243,5.0
214008,2496,5.0
381040,2498,5.0
315635,2886,5.0
224013,2496,5.0
387688,2886,5.0
93911,4075,4.0
199792,2496,5.0
317696,3201,5.0
181792,834,4.0
372791,3294,3.0
284922,3687,5.0
257498,4007,5.0
124404,1157,5.0
223896,3258,5.0
163687,3225,3.0
289319,2543,3.0
112489,2754,5.0
242205,3201,5.0
225733,2708,5.0
103876,246,4.0
67656,2189,5.0
300082,4052,4.0
184905,3582,5.0
176949,3436,5.0
173314,3470,5.0
315989,2886,5.0
143308,4075,5.0
70903,4003,5.0
36919,2267,5.0
118684,3094,5.0
405691,4065,5.0
342459,2267,5.0
347879,437,5.0
170628,2189,4.0
337161,2886,5.0
343261,2496,5.0
131674,2781,5.0
366104,3745,5.0
203111,4075,5.0
154588,3027,3.0
192581,519,5.0
278516,2815,5.0
180090,860,3.0
114317,2496,4.0
142361,4075,5.0
279623,2987,5.0
89831,3205,5.0
84657,4075,5.0
222564,3616,5.0
142629,2267,5.0
312967,4050,5.0
279240,3313,0.0
187281,3451,5.0
133174,4075,5.0
356130,3094,5.0
412770,2267,5.0
115658,3205,4.0
378488,3049,5.0
310178,1356,5.0
118163,2708,5.0
37107,3180,5.0
43327,1236,5.0
65510,3285,1.0
312577,3180,5.0
230557,3940,5.0
335737,4108,5.0
414701,1035,5.0
125524,4075,5.0
223651,246,5.0
164293,2498,5.0
333017,2713,4.0
176615,3983,5.0
400420,246,5.0
211184,3595,5.0
13796,93,5.0
273358,719,4.0
211679,932,2.0
37107,2056,5.0
186071,2496,5.0
131021,3161,5.0
170100,2886,5.0
357389,3595,5.0
416684,2767,5.0
163241,1293,5.0
302961,2886,4.0
61121,3570,5.0
286851,3470,4.0
175727,2677,5.0
391048,2708,5.0
106501,1035,5.0
39301,246,2.0
152991,3168,5.0
219167,2652,3.0
153188,2713,4.0
4470,3902,5.0
28345,519,3.0
353579,198,5.0
37036,690,4.0
231198,4075,5.0
199198,3888,5.0
308889,3713,4.0
59686,1151,5.0
211679,2679,5.0
176160,3620,0.0
411573,3439,5.0
51011,1236,5.0
345915,3049,4.0
29782,1136,5.0
241140,2652,5.0
121992,1832,5.0
153188,971,4.0
424741,84,5.0
279698,3929,5.0
223651,3595,3.0
192972,3975,5.0
400420,2267,4.0
128473,2496,5.0
173880,3731,4.0
96177,279,5.0
307059,3168,5.0
326051,3180,5.0
169430,185,5.0
399336,2496,5.0
181231,1136,3.0
419585,1356,5.0
336025,3790,4.0
368300,3057,5.0
433613,3451,5.0
321555,3900,4.0
53932,565,4.0
227652,327,5.0
393923,3470,5.0
142200,3975,5.0
414923,3370,5.0
231661,670,3.0
101823,3595,5.0
432099,3451,1.0
373006,2519,2.0
433613,3579,5.0
37873,198,4.0
105440,2537,5.0
366487,3470,3.0
94243,2496,5.0
206101,2496,5.0
201972,2708,4.0
230020,3470,4.0
192951,2791,5.0
275124,4040,5.0
59064,2690,5.0
438534,352,5.0
87478,2496,4.0
143721,3847,0.0
107583,114,5.0
176481,2708,5.0
415204,561,5.0
140132,3722,4.0
65197,2111,5.0
295704,3451,5.0
39754,3064,5.0
157248,607,5.0
198129,2712,5.0
336123,2111,5.0
282843,1356,5.0
398694,3370,5.0
304222,4075,5.0
57042,3921,5.0
31521,636,5.0
359051,3616,4.0
289412,607,5.0
415204,607,5.0
233583,647,5.0
423083,4075,5.0
57042,3595,5.0
302094,2611,5.0
361041,2983,5.0
88378,1438,5.0
284695,2708,5.0
421336,3094,5.0
34610,1133,0.0
212758,3805,4.0
355885,3180,5.0
220234,3598,4.0
204118,92,5.0
246344,3168,4.0
182304,3745,4.0
383346,2814,4.0
67243,3900,5.0
107890,1438,5.0
419596,3180,5.0
318571,198,5.0
299531,280,5.0
445711,2238,4.0
4470,3624,4.0
420136,3166,5.0
8688,2496,5.0
391048,3370,4.0
352814,3581,5.0
141688,2496,4.0
350750,3180,5.0
280271,400,5.0
120108,3370,0.0
1535,2707,3.0
39654,1356,5.0
65634,2862,5.0
56087,1267,5.0
452019,3479,5.0
399857,3049,4.0
128473,3579,5.0
234771,3954,4.0
237655,3180,4.0
380081,647,5.0
126440,4007,5.0
191534,3860,5.0
305523,975,5.0
53932,3598,5.0
244365,2772,5.0
378493,3888,5.0
128447,1599,5.0
260475,2496,5.0
418915,1293,4.0
152313,1438,3.0
403028,2791,5.0
60989,240,4.0
383557,1832,4.0
175727,3294,3.0
57101,435,4.0
56061,62,5.0
231736,3135,4.0
404679,2886,4.0
313633,3441,5.0
67103,3194,5.0
456158,3846,5.0
234003,493,5.0
420929,2957,2.0
429769,4050,5.0
91392,318,4.0
185113,3166,5.0
375111,1293,5.0
50969,897,4.0
452699,683,3.0
392230,2595,4.0
222564,243,4.0
327989,2496,5.0
251626,1438,5.0
336177,2072,5.0
251626,3713,4.0
54678,2988,4.0
315986,536,4.0
227652,1157,4.0
174711,3115,5.0
72254,2574,5.0
47907,2772,5.0
235355,3713,5.0
464842,930,4.0
454675,198,5.0
292256,2267,4.0
310518,2496,5.0
397272,860,5.0
59921,536,4.0
445654,3579,5.0
432668,3479,4.0
217226,1438,4.0
355885,314,5.0
246844,3786,5.0
257752,2772,5.0
27443,3743,5.0
232669,673,4.0
52262,4075,5.0
114882,2611,5.0
416807,809,5.0
457108,346,5.0
246878,3166,5.0
30893,809,5.0
362983,607,5.0
183968,2496,5.0
173880,2731,4.0
17803,3370,4.0
172369,2886,5.0
215898,3525,5.0
457108,3805,4.0
271911,2072,5.0
133174,2804,5.0
111075,271,5.0
191050,860,1.0
349458,2695,5.0
134289,3925,5.0
215350,2767,5.0
160331,693,5.0
402559,1217,4.0
291235,860,4.0
175124,62,5.0
460969,2496,5.0
125640,2856,2.0
58836,2677,5.0
70793,59,5.0
53932,648,5.0
199953,3888,4.0
284180,198,5.0
380081,2267,5.0
326787,2844,5.0
197244,2537,5.0
6258,1883,3.0
366487,2496,5.0
365274,2708,4.0
238201,3470,5.0
271221,2670,5.0
302283,2708,5.0
440112,2708,5.0
67403,860,5.0
224088,314,4.0
78917,3381,4.0
157136,3470,5.0
232886,2677,5.0
13593,2110,5.0
152393,2788,5.0
101376,2886,5.0
372163,4078,3.0
457600,2496,5.0
134240,3370,3.0
60989,2886,5.0
340130,4052,5.0
463640,3595,3.0
385678,62,5.0
192974,4009,0.0
55221,536,2.0
160974,2677,5.0
366487,3595,5.0
359940,3929,5.0
93095,2713,5.0
234062,156,3.0
93095,3158,5.0
312206,3595,5.0
196592,3591,4.0
280605,1438,5.0
165169,3929,4.0
136813,66,5.0
192264,820,5.0
223979,3884,5.0
29063,4052,1.0
451456,2814,5.0
478175,2496,5.0
340438,240,4.0
124249,546,5.0
282727,2496,5.0
20480,876,5.0
344231,2537,4.0
185446,647,5.0
370447,4075,5.0
485728,280,4.0
423494,3570,4.0
457992,3180,5.0
27702,1356,5.0
173314,1593,5.0
33159,3782,5.0
300920,3745,5.0
348402,2708,5.0
304705,3180,5.0
285039,1306,4.0
472215,2821,5.0
386744,916,5.0
350769,62,5.0
283773,3570,4.0
445711,3180,5.0
225722,2528,5.0
90324,2930,5.0
338515,2886,5.0
274913,3977,4.0
322623,607,5.0
417554,2496,5.0
65720,473,5.0
288146,609,4.0
236470,2925,5.0
55523,632,5.0
170359,2695,4.0
326084,2238,5.0
446143,2543,5.0
350812,4065,5.0
447165,1600,5.0
384270,4075,5.0
31436,3470,5.0
56002,2791,5.0
149075,3482,5.0
362734,3149,5.0
169430,3006,4.0
85873,2930,5.0
169430,514,3.0
55406,3397,5.0
199657,3608,4.0
294000,2056,4.0
319847,2885,5.0
254614,3608,4.0
447921,249,2.0
327938,2561,5.0
497410,456,5.0
310668,2886,5.0
494919,3351,5.0
456679,3954,5.0
169430,464,4.0
101376,2496,5.0
496594,860,5.0
358796,1904,5.0
1535,2781,5.0
187987,3014,4.0
358974,1522,5.0
353491,2137,5.0
474646,3470,5.0
324621,92,4.0
481065,825,5.0
474155,2495,5.0
242779,112,4.0
49168,2707,5.0
402559,4049,5.0
302094,773,5.0
186855,2072,5.0
111520,634,4.0
464253,632,5.0
278140,2072,5.0
20084,2901,5.0
95241,2284,4.0
221044,607,4.0
4470,719,5.0
194611,2886,5.0
282379,1035,5.0
281399,2781,5.0
75497,3323,4.0
362734,2781,5.0
56061,2684,5.0
308183,3687,5.0
465829,580,4.0
504925,2923,5.0
464327,749,5.0
334010,2496,5.0
363813,3595,5.0
104295,3782,5.0
393923,3595,5.0
463858,3797,4.0
247780,2886,5.0
375111,3900,5.0
64667,495,5.0
262200,1356,5.0
182010,346,5.0
453828,2498,5.0
98722,3387,4.0
509887,2496,5.0
40377,2885,5.0
105601,2238,5.0
227652,3103,5.0
402698,809,4.0
402252,2496,3.0
416864,2496,3.0
229187,2498,5.0
242818,2072,5.0
352005,1229,5.0
512696,2886,4.0
324733,2537,5.0
398694,2137,4.0
227024,3560,5.0
336540,2886,5.0
286566,580,4.0
244815,2113,5.0
329671,2708,5.0
104295,2015,4.0
217482,605,5.0
263513,3579,4.0
137911,3166,5.0
466582,346,5.0
402698,3616,4.0
497152,860,5.0
153188,685,5.0
519903,4042,5.0
141610,3568,5.0
412888,632,5.0
455539,3929,5.0
329187,3846,4.0
65957,2072,5.0
121985,2708,4.0
139381,3568,5.0
521933,240,4.0
128646,2496,5.0
202661,3436,5.0
327938,2496,5.0
232311,376,5.0
56003,62,5.0
283804,3069,1.0
479072,3333,5.0
233238,632,5.0
169169,3436,5.0
365429,1595,0.0
113894,3745,4.0
392739,418,5.0
490843,2677,5.0
327281,2678,4.0
186979,3464,5.0
513294,2708,5.0
293924,432,4.0
216320,3877,5.0
497152,2496,5.0
167534,647,5.0
105963,615,3.0
449702,3180,5.0
32747,4007,5.0
124196,2677,5.0
51717,780,5.0
249519,632,5.0
116429,558,4.0
425677,676,3.0
410727,2496,4.0
283350,3805,4.0
239028,2496,5.0
159084,314,5.0
218859,607,5.0
242250,2633,5.0
363806,3133,5.0
457690,3198,4.0
313152,3954,4.0
463498,1151,5.0
387367,2496,5.0
329638,2498,5.0
265954,280,5.0
343028,2762,5.0
94769,3470,4.0
232886,3668,4.0
226066,3745,4.0
104295,2684,3.0
245017,352,5.0
283390,546,5.0
312577,1438,5.0
131674,648,5.0
5060,3745,5.0
347822,3400,4.0
245871,2496,5.0
456108,1356,2.0
227024,3889,5.0
500148,4065,5.0
317267,376,4.0
358698,432,5.0
421374,4050,5.0
322707,2496,5.0
425677,616,5.0
331817,749,4.0
517157,3180,5.0
450571,3380,5.0
451643,3595,5.0
359051,3370,4.0
253476,2496,2.0
13796,2364,5.0
291344,1522,5.0
259154,2886,5.0
11297,84,5.0
232190,749,4.0
200115,2886,5.0
62005,3408,5.0
167003,3180,5.0
174991,3860,5.0
222696,3451,3.0
481494,3782,5.0
494607,2496,5.0
107583,224,5.0
111520,1524,4.0
359533,632,4.0
210406,2072,5.0
377712,820,5.0
207157,607,5.0
74281,3595,5.0
249657,3745,5.0
461552,2137,4.0
289510,543,5.0
414666,3431,4.0
351578,432,5.0
247927,3009,5.0
324136,1602,4.0
218516,3166,5.0
223979,3115,5.0
281871,2496,5.0
254614,3009,5.0
455163,1861,5.0
278113,3397,5.0
521359,3166,5.0
179880,860,5.0
394077,2886,5.0
227652,749,4.0
81611,736,5.0
352538,445,3.0
143282,2146,5.0
357293,3351,5.0
241130,749,5.0
462636,2496,5.0
93911,432,5.0
175574,3609,5.0
497938,4075,5.0
307214,2652,5.0
414776,2885,3.0
284904,3180,5.0
196080,2886,5.0
27961,607,5.0
36187,719,5.0
431785,198,5.0
358796,1129,5.0
188119,432,5.0
140132,2496,5.0
283251,62,4.0
340130,464,5.0
32143,958,4.0
333017,2708,5.0
17803,719,4.0
451691,2791,3.0
336058,3397,5.0
493276,2886,5.0
342468,3745,4.0
188792,278,5.0
254614,2844,5.0
307454,607,5.0
267853,3166,5.0
171084,2462,5.0
366118,346,5.0
156034,3392,4.0
190441,860,5.0
257993,507,4.0
521129,2496,5.0
97780,2767,5.0
163112,3759,5.0
228458,2781,5.0
494867,3877,5.0
134289,2708,5.0
446143,2862,5.0
138429,647,5.0
125640,4096,5.0
289319,3929,5.0
467565,671,4.0
433588,2496,4.0
212359,2889,5.0
90295,2663,5.0
301143,1600,5.0
133174,3370,5.0
64642,2668,3.0
68460,544,5.0
230557,2267,4.0
6406,749,5.0
270514,2708,5.0
199198,2072,5.0
256411,1157,4.0
36128,2814,4.0
344938,3397,5.0
352814,3579,5.0
480935,3579,3.0
277462,860,4.0
270514,860,4.0
445492,4075,4.0
247362,2708,5.0
285039,607,5.0
104295,647,4.0
145489,749,5.0
305702,3579,5.0
437983,860,5.0
222076,2886,3.0
53932,343,5.0
64780,165,5.0
206861,3929,2.0
189160,632,5.0
217867,178,4.0
447742,3782,5.0
486888,4004,5.0
327249,2885,5.0
133174,3687,5.0
455163,897,4.0
473377,2886,5.0
101376,547,5.0
174740,2496,5.0
158446,3285,4.0
268058,860,5.0
56003,2712,4.0
190688,2496,5.0
57101,3610,5.0
326787,2561,5.0
37779,3470,5.0
446143,3787,5.0
438204,3308,5.0
176615,2496,5.0
394592,2267,5.0
96436,2886,5.0
52283,2502,5.0
343228,3954,4.0
232823,3888,5.0
314785,3009,3.0
195589,3470,5.0
135887,2886,4.0
519838,3595,5.0
78128,3370,5.0
227652,3745,4.0
519057,4065,5.0
506426,749,5.0
169166,2713,4.0
66549,3180,5.0
231507,607,5.0
9869,3418,5.0
1535,1438,3.0
329618,3090,3.0
295741,3929,4.0
46660,536,4.0
170275,456,4.0
437727,607,5.0
223979,543,5.0
49879,3582,5.0
68526,3082,5.0
136997,760,4.0
357506,3928,4.0
37036,3090,4.0
399576,3520,5.0
204153,3380,5.0
310109,3579,5.0
336540,3370,4.0
297076,3400,5.0
226596,3470,5.0
495568,3806,4.0
487909,3595,5.0
93997,2886,5.0
232823,1873,5.0
233588,3805,5.0
269521,1042,5.0
357293,2886,5.0
203823,1236,5.0
468015,4018,5.0
452606,4065,4.0
449748,3763,3.0
405126,749,5.0
220348,3180,5.0
230102,2767,5.0
330805,2496,5.0
199657,567,4.0
507592,3595,5.0
168462,142,4.0
316610,3595,5.0
68710,3929,5.0
43505,2886,5.0
226372,3446,5.0
230102,3782,5.0
275207,3925,5.0
100856,2886,5.0
433588,3056,5.0
465062,3451,4.0
332281,2496,5.0
59064,556,5.0
111291,3470,5.0
257341,3010,1.0
26313,2886,4.0
482376,3470,5.0
297540,3161,4.0
394592,2509,5.0
138861,1267,4.0
303990,3470,5.0
389431,860,5.0
467541,607,5.0
129041,4108,5.0
137854,2615,5.0
430205,191,5.0
162826,1446,2.0
254415,1904,5.0
121178,3470,5.0
402559,2496,5.0
74281,3470,4.0
30503,648,5.0
220023,2713,5.0
220023,2622,5.0
434697,1873,5.0
93911,820,5.0
222696,3975,5.0
404046,1236,5.0
209831,3966,3.0
373245,3431,5.0
404988,536,3.0
201584,3579,5.0
232669,1423,5.0
1535,1423,5.0
190421,3470,4.0
203674,3595,5.0
92886,4100,4.0
139513,607,5.0
55589,647,5.0
146486,2498,5.0
358015,2496,5.0
217482,2496,5.0
35106,2885,3.0
346662,1423,5.0
189280,648,4.0
377039,2056,3.0
500671,3514,5.0
166294,647,5.0
337963,916,3.0
229524,3470,5.0
314769,2496,5.0
368868,2791,4.0
222970,2973,5.0
193912,2496,4.0
219942,2056,5.0
283483,3470,5.0
56463,3567,5.0
207375,2886,3.0
93951,2254,0.0
135566,581,4.0
94168,809,5.0
401688,4042,5.0
457829,3470,5.0
487233,1035,4.0
487233,3441,4.0
73951,2537,5.0
425105,820,3.0
217226,2886,5.0
223854,615,5.0
394288,3782,2.0
169712,3470,4.0
469723,2963,3.0
396955,820,5.0
99221,2886,5.0
423494,3470,4.0
105988,2496,5.0
447165,3636,5.0
500790,2072,5.0
366559,607,5.0
64667,2537,5.0
174991,693,4.0
248647,3092,5.0
179244,2886,5.0
5060,2772,5.0
195175,3929,5.0
380466,3470,5.0
389408,3166,3.0
21399,3092,4.0
97780,3470,4.0
156034,3579,5.0
223441,3805,5.0
200930,3577,5.0
230460,3180,4.0
299418,3092,2.0
130886,2509,5.0
140132,2708,4.0
35106,690,3.0
128447,2781,5.0
54572,2583,5.0
263513,3180,5.0
126104,2886,5.0
85776,356,5.0
323389,3595,4.0
146310,2496,5.0
353205,3066,5.0
352271,175,5.0
335269,558,5.0
98919,671,5.0
352271,66,5.0
271318,3470,5.0
238390,3472,3.0
30298,62,5.0
238390,3470,5.0
171328,2509,5.0
278093,4050,5.0
185285,2364,5.0
236750,4007,5.0
352271,297,5.0
335571,2267,5.0
491437,2495,4.0
348803,2056,4.0
124249,3780,5.0
340130,519,5.0
30197,3470,5.0
164913,3092,5.0
399336,860,5.0
182010,351,5.0
159559,647,5.0
135470,3180,4.0
418915,2498,5.0
111678,4050,5.0
71639,3877,5.0
508844,2267,5.0
170220,4065,4.0
426331,2583,5.0
183648,634,5.0
346398,2509,4.0
174096,346,4.0
40620,2670,5.0
153188,665,5.0
212359,3333,5.0
352814,3441,4.0
407007,4050,5.0
369715,519,3.0
71034,2789,2.0
85662,4075,5.0
29014,689,5.0
402279,4065,5.0
250433,3286,3.0
324390,3082,4.0
75681,2582,5.0
446143,123,5.0
291292,2498,5.0
308765,3713,0.0
369715,2498,5.0
278113,2498,5.0
268464,3713,5.0
156951,232,2.0
340130,4059,5.0
125773,2498,5.0
106105,2498,5.0
418366,3057,5.0
281098,3595,3.0
315301,142,5.0
180898,3900,5.0
521527,2498,5.0
53002,2583,5.0
357323,62,5.0
294000,2937,4.0
196369,860,5.0
363848,2498,5.0
13011,3683,4.0
260975,142,5.0
20754,2775,0.0
113509,2583,4.0
405626,3470,4.0
239758,2072,5.0
363848,3368,5.0
281098,3929,4.0
185285,3713,5.0
345387,2537,5.0
384088,2498,5.0
498227,607,5.0
318235,3913,4.0
178738,2913,5.0
80980,2751,4.0
64642,3057,0.0
164610,3049,5.0
337668,3713,5.0
368897,3121,4.0
344069,1246,5.0
335284,1356,5.0
397915,4075,5.0
335713,2886,5.0
153188,108,3.0
316396,4075,5.0
437991,3549,5.0
248023,3868,5.0
178010,601,5.0
164610,2925,5.0
463763,747,5.0
178738,3921,5.0
427743,2496,5.0
113941,142,5.0
376098,3874,5.0
400708,232,4.0
359717,3470,4.0
94655,3900,4.0
302094,2086,5.0
257993,2886,5.0
357323,2886,5.0
302618,3745,4.0
4470,351,5.0
142361,4050,5.0
302618,3037,5.0
253146,3436,5.0
302094,3094,5.0
119353,4050,4.0
360437,3470,5.0
411567,1236,5.0
106624,3094,5.0
227024,1293,5.0
140132,3472,3.0
286209,607,5.0
192972,154,5.0
51931,1904,5.0
209154,4075,4.0
134624,3868,4.0
275438,4075,5.0
378488,2674,5.0
104295,378,4.0
122001,3842,3.0
376098,4075,5.0
65803,809,5.0
305593,3397,5.0
218535,2886,3.0
463502,4075,5.0
169969,142,5.0
303162,3503,4.0
512309,605,4.0
165841,4075,5.0
193014,376,4.0
262357,3180,5.0
92886,2267,3.0
206377,3496,4.0
282215,2086,5.0
250427,2146,5.0
258223,1904,5.0
381574,2903,5.0
217898,2496,5.0
309630,3900,5.0
133174,3559,5.0
153188,3520,4.0
26290,3370,5.0
444534,246,5.0
446143,3376,5.0
420929,607,5.0
108892,2496,5.0
250031,2862,4.0
452576,3713,4.0
1676,3771,5.0
478964,246,5.0
407007,4075,5.0
48107,2835,4.0
49918,1293,5.0
29667,3470,5.0
437767,58,3.0
283251,2393,4.0
134127,3470,5.0
345731,2496,5.0
240552,4075,5.0
388414,4075,5.0
228156,4075,5.0
232933,198,5.0
520092,4050,5.0
479072,3470,5.0
416848,607,5.0
233801,519,5.0
140132,3470,5.0
476592,3579,5.0
196038,3294,5.0
140132,3595,5.0
58852,3568,5.0
140132,246,5.0
373083,647,5.0
499114,3313,4.0
219167,3806,5.0
98761,3929,5.0
140806,2886,5.0
361931,3900,5.0
222564,607,5.0
420301,4007,5.0
173579,376,5.0
394955,1293,5.0
286851,3180,5.0
153188,3296,4.0
26313,3470,4.0
113941,1293,5.0
178452,3687,5.0
139541,1293,5.0
400420,4075,5.0
242007,3470,4.0
259989,3470,4.0
286502,916,5.0
520150,519,4.0
82737,246,5.0
312577,2695,5.0
39301,3470,5.0
425677,167,5.0
173838,2695,5.0
456914,2496,5.0
234062,2872,5.0
153188,3497,5.0
230102,4084,0.0
281628,965,5.0
65768,471,3.0
353492,3470,5.0
279367,3470,0.0
271347,4018,5.0
333545,3595,5.0
111739,2496,5.0
329753,2990,4.0
359238,3595,5.0
208902,1873,4.0
370332,916,5.0
4601,3408,3.0
229524,607,4.0
187373,1356,4.0
486718,3470,5.0
297859,2496,5.0
215014,2496,5.0
179270,4007,5.0
219167,432,5.0
504438,2072,4.0
262200,3983,5.0
95743,3805,5.0
55773,3470,5.0
438097,3402,4.0
307159,4042,5.0
249836,3728,4.0
140132,601,5.0
95743,551,5.0
362919,3471,5.0
456116,607,4.0
503290,3900,5.0
143721,607,5.0
103628,647,5.0
451700,777,5.0
500860,376,2.0
365507,1236,5.0
480935,1600,4.0
188215,2677,5.0
46849,3180,5.0
500148,2072,5.0
185285,3168,5.0
513784,142,5.0
48902,693,5.0
187442,3459,4.0
105692,1438,0.0
95743,3602,5.0
45057,2772,5.0
112818,3793,0.0
126435,3595,5.0
180904,3900,5.0
157167,2364,5.0
99979,142,5.0
107651,2121,3.0
394085,114,5.0
513585,3470,5.0
252849,512,5.0
452940,3570,2.0
206722,632,3.0
489552,3470,5.0
473149,2496,5.0
90086,110,5.0
229524,2708,4.0
33159,747,4.0
88378,2141,5.0
250440,860,5.0
293971,2663,5.0
314792,66,5.0
142559,3595,5.0
241948,2708,5.0
387646,2496,5.0
235074,2886,5.0
204024,626,5.0
174991,252,3.0
392739,2713,5.0
58075,1423,5.0
122001,3782,4.0
4470,278,5.0
166294,930,5.0
311926,1873,5.0
125640,1100,3.0
153919,2221,5.0
230860,780,4.0
455539,2561,5.0
101376,3162,5.0
164913,916,5.0
54678,607,4.0
421895,3470,5.0
265114,916,4.0
363393,4050,5.0
92886,777,4.0
231014,2501,4.0
86520,1048,4.0
81177,4065,4.0
201064,2496,5.0
194953,1832,5.0
121354,142,2.0
5060,2495,5.0
385999,2708,5.0
407812,4007,5.0
345297,689,1.0
38182,356,0.0
387736,2364,5.0
41370,2496,5.0
380358,3503,4.0
4500,4085,4.0
39713,693,3.0
176615,1355,5.0
259997,3470,5.0
200655,2930,5.0
423778,3056,4.0
399932,543,0.0
125766,2496,5.0
173306,3470,4.0
101823,3056,4.0
168462,3446,5.0
496829,860,5.0
55578,167,5.0
130219,2663,5.0
166294,3180,5.0
441443,2886,5.0
137838,3285,5.0
437237,506,5.0
442862,3439,5.0
362202,2496,4.0
478451,3180,5.0
362542,2496,4.0
508949,3049,3.0
446143,685,5.0
148361,2708,5.0
240449,4007,5.0
363063,2496,5.0
142367,632,4.0
162826,58,5.0
106797,3776,5.0
504973,2137,5.0
232933,1157,4.0
90633,558,5.0
464080,3623,5.0
336711,2886,5.0
446143,777,5.0
185285,314,5.0
74281,2496,5.0
255179,2056,5.0
242188,2901,5.0
373817,2496,5.0
331918,809,4.0
236470,3588,5.0
504753,2677,5.0
39782,3408,4.0
15417,1133,4.0
228978,3687,5.0
58836,3368,0.0
233920,2364,5.0
30382,2625,5.0
324621,2509,3.0
442862,665,5.0
454052,2537,5.0
44383,2056,5.0
421374,2677,5.0
199953,1103,4.0
142361,2496,5.0
124799,3809,5.0
168069,3294,5.0
464253,4007,0.0
503916,2496,5.0
464080,615,5.0
356062,676,5.0
454149,2708,5.0
385836,49,5.0
385999,2537,5.0
169774,4018,5.0
429104,4100,5.0
185142,1522,5.0
407338,3179,5.0
384041,1881,4.0
137050,3470,5.0
172861,3888,5.0
175985,3010,5.0
59588,2886,5.0
175727,232,2.0
85322,3370,5.0
56003,930,4.0
53932,2755,4.0
438003,3305,5.0
55756,3472,3.0
50969,747,4.0
467741,3579,5.0
357293,634,4.0
291292,897,5.0
251686,607,5.0
162158,3180,5.0
289680,780,5.0
232532,3368,5.0
443633,647,5.0
226066,2496,5.0
187205,4075,4.0
135377,607,4.0
199657,2496,5.0
83642,773,5.0
58104,974,0.0
248023,3900,4.0
446143,1320,3.0
199657,834,3.0
388905,916,0.0
179642,3470,5.0
297546,2137,4.0
362646,198,3.0
50969,3294,4.0
141610,636,5.0
224088,4065,5.0
56463,2973,5.0
438003,615,5.0
126104,2110,5.0
27922,1873,5.0
195879,3294,5.0
504064,607,5.0
187373,2791,5.0
297557,136,3.0
39394,4018,3.0
232886,432,5.0
55589,2886,5.0
199657,2755,3.0
323832,2496,5.0
232886,1721,4.0
160974,2072,5.0
42058,3718,4.0
248647,4063,5.0
138799,1873,5.0
362892,2267,5.0
232886,3439,4.0
425803,3591,5.0
95743,736,5.0
486648,3180,4.0
64625,63,5.0
431813,2708,5.0
203111,1873,5.0
292812,3683,4.0
468972,632,5.0
60716,2886,5.0
242007,445,5.0
56003,346,5.0
124416,3731,4.0
342541,2886,5.0
388155,2056,5.0
336503,632,5.0
222970,2496,5.0
56003,3718,5.0
228458,3745,5.0
56003,561,4.0
210188,3597,0.0
53448,62,5.0
30209,632,4.0
194829,548,5.0
8688,2387,5.0
316510,3370,5.0
341344,3057,5.0
289510,2886,5.0
207176,2886,5.0
426156,3368,5.0
282215,860,4.0
13483,2509,4.0
110402,3470,5.0
242809,2072,5.0
506345,916,5.0
475397,2886,5.0
298447,1590,5.0
236959,445,2.0
275326,3877,5.0
204735,3079,3.0
136004,66,5.0
184723,3470,5.0
463858,1940,5.0
199198,1438,5.0
209603,2928,3.0
144897,634,5.0
139962,3759,5.0
6258,2815,4.0
394865,2496,5.0
226462,3470,5.0
95499,2496,5.0
68904,3556,5.0
125640,2496,5.0
517443,2496,4.0
407812,1600,5.0
232402,860,0.0
461428,3390,5.0
461867,1236,5.0
293971,261,5.0
302094,3166,5.0
463435,1196,2.0
64702,1356,4.0
95743,2577,4.0
289412,2708,5.0
457661,3370,5.0
438326,2496,5.0
208755,456,5.0
206747,1562,4.0
143917,3743,4.0
140132,519,5.0
394085,3143,4.0
141012,2496,5.0
75442,556,5.0
136788,593,0.0
192974,930,5.0
379453,3568,5.0
382899,3470,5.0
166164,3293,3.0
145130,2886,5.0
64322,2137,5.0
30503,3503,5.0
378702,4065,5.0
157258,1232,4.0
215956,2218,4.0
64539,1207,5.0
316717,916,3.0
386849,346,4.0
486680,3755,4.0
11009,432,5.0
450004,3166,4.0
242729,3910,5.0
297557,1035,4.0
173306,3595,5.0
73706,3595,5.0
416292,1293,5.0
418366,2772,5.0
222970,3351,5.0
452940,298,4.0
329463,432,5.0
393721,2886,5.0
316250,632,4.0
229605,2496,5.0
369047,2708,4.0
98016,3252,5.0
378668,2886,5.0
352814,860,5.0
136997,749,5.0
158086,3742,5.0
416292,2537,4.0
358095,3745,4.0
64322,3049,5.0
496803,3767,5.0
93006,142,5.0
394077,2677,5.0
352042,2496,5.0
227978,1595,3.0
289319,436,5.0
29450,3570,5.0
326581,2137,5.0
502504,3400,5.0
37449,548,5.0
425677,2827,5.0
172861,3368,5.0
35925,167,5.0
15712,2886,5.0
469903,749,5.0
321879,1600,5.0
310749,607,4.0
476569,1600,5.0
486725,632,4.0
148942,749,0.0
497077,636,5.0
115053,1600,4.0
314259,2496,5.0
223979,533,3.0
223898,3782,4.0
290163,1306,5.0
198601,3877,5.0
234062,3704,4.0
337925,749,4.0
153067,1581,5.0
209920,548,5.0
47341,2767,5.0
427184,432,5.0
277999,2670,5.0
411567,3470,5.0
64642,1574,0.0
335614,3577,5.0
153067,2072,5.0
54067,558,5.0
6651,749,5.0
268058,1356,5.0
242729,2155,4.0
316094,3745,4.0
485728,3623,5.0
134624,2658,4.0
345039,1356,5.0
512532,749,5.0
242729,3471,4.0
346383,632,5.0
100185,584,5.0
198154,749,4.0
298070,2496,5.0
50969,1100,3.0
374506,3470,5.0
489929,2699,0.0
218535,3180,4.0
380469,456,5.0
57222,2621,5.0
203741,2886,5.0
497077,3470,5.0
131674,4050,5.0
453856,2886,5.0
426788,916,5.0
294435,352,5.0
91970,432,5.0
133174,2903,4.0
188080,3166,5.0
92816,2496,5.0
232480,1356,5.0
358905,2886,5.0
58104,483,5.0
202865,3470,5.0
143721,2686,5.0
377070,2537,5.0
63026,749,5.0
115758,3478,5.0
51224,3292,5.0
96177,2827,5.0
25356,2537,4.0
181781,3400,5.0
494084,749,5.0
167046,2496,5.0
56463,1133,5.0
5060,3974,5.0
157785,3304,5.0
476077,749,5.0
130133,809,4.0
94031,3616,5.0
5060,4003,4.0
63024,1356,5.0
207176,2708,5.0
214008,2886,5.0
313167,2767,5.0
366118,659,5.0
141277,3752,5.0
49561,1035,5.0
490843,4101,5.0
415934,860,5.0
447165,1293,5.0
264017,773,5.0
88717,2886,5.0
375776,2496,5.0
358796,749,5.0
226294,749,5.0
9717,3595,5.0
279698,3285,5.0
110445,4065,5.0
138435,834,4.0
468015,2886,5.0
147334,648,4.0
468351,229,4.0
230102,647,5.0
174941,3470,3.0
187927,1600,5.0
477972,3888,5.0
336058,2767,5.0
486680,2496,5.0
242484,3595,5.0
416684,607,5.0
268058,567,4.0
56353,246,5.0
185446,519,5.0
61995,3470,5.0
483716,2886,5.0
452940,2886,5.0
176706,607,5.0
454804,3983,5.0
337785,432,0.0
501778,2886,3.0
42058,2886,5.0
363554,2496,0.0
249059,324,5.0
349750,2537,5.0
167242,809,5.0
29782,3595,5.0
349991,3470,5.0
487233,777,3.0
115658,4050,5.0
232037,3805,4.0
60124,174,5.0
347078,860,5.0
302094,3158,5.0
68526,2462,5.0
264230,749,5.0
462165,3555,5.0
494593,432,5.0
23466,1207,4.0
36713,2886,5.0
34025,3470,5.0
37107,2815,5.0
94756,3057,3.0
384923,3556,5.0
468007,2510,5.0
519473,3470,4.0
439685,1100,4.0
396078,1356,4.0
78232,1873,5.0
5060,544,4.0
518581,3479,4.0
437767,3166,4.0
80353,2496,5.0
257546,3975,5.0
177753,519,5.0
185926,820,5.0
212145,632,4.0
355637,1236,4.0
445711,3092,4.0
52199,3591,5.0
141610,749,5.0
323186,3598,5.0
206168,759,5.0
25063,3559,5.0
189800,3180,4.0
380539,749,5.0
141590,2708,5.0
214008,1035,5.0
125640,3441,3.0
64583,2886,5.0
229524,2496,4.0
418366,931,5.0
199848,932,5.0
386849,3441,5.0
311625,2366,4.0
436190,3595,5.0
101376,1873,5.0
114522,2498,5.0
290107,346,4.0
186070,3520,5.0
57101,4049,5.0
236733,2543,5.0
226863,3400,5.0
165933,3800,5.0
44642,607,0.0
325816,3370,5.0
368889,3805,5.0
424680,3688,4.0
426903,2708,5.0
351525,2510,5.0
377581,350,5.0
343958,2537,4.0
232047,2510,5.0
46660,3884,5.0
22015,3990,4.0
229605,3470,4.0
314988,2498,5.0
330545,3092,5.0
90105,1423,5.0
480666,2496,5.0
132764,3739,1.0
80998,3092,5.0
21462,3092,5.0
391048,607,5.0
250389,198,5.0
281098,3439,5.0
54243,2112,4.0
326297,3436,3.0
220348,1955,4.0
324621,2498,5.0
416292,2886,4.0
372791,860,5.0
403729,3470,5.0
158086,3470,5.0
204124,3470,5.0
130531,3514,5.0
310611,3975,5.0
124237,1873,0.0
4470,3995,5.0
307059,1356,4.0
268061,2886,5.0
204705,1035,5.0
503111,3201,5.0
33159,3925,4.0
176615,3195,4.0
29410,3745,5.0
282672,2509,4.0
103784,436,5.0
366385,3470,5.0
163112,205,5.0
306797,2576,5.0
194207,432,5.0
371738,3470,4.0
22655,3470,5.0
5060,897,5.0
507661,897,5.0
162775,1356,5.0
23119,897,4.0
288704,2496,5.0
34834,3285,5.0
177435,3875,0.0
5060,58,5.0
245429,2537,5.0
346874,2056,5.0
303427,3370,5.0
241696,607,5.0
415934,1522,5.0
171063,1217,5.0
323933,2496,5.0
357358,3397,5.0
61525,519,5.0
434907,1356,5.0
99221,2498,5.0
130219,3397,5.0
378710,3559,5.0
115054,3180,5.0
141610,378,5.0
114287,3439,5.0
345234,3577,5.0
291358,167,5.0
185113,2537,5.0
408471,278,5.0
185113,3577,5.0
106105,3470,1.0
178682,2537,4.0
450060,2498,5.0
45524,3983,5.0
8688,3579,5.0
149242,2387,5.0
180946,3983,5.0
247241,2056,5.0
310749,2110,4.0
55882,3470,3.0
519638,3743,5.0
383143,3180,5.0
51501,281,5.0
393257,2496,5.0
318236,1904,5.0
194993,825,4.0
29300,2510,5.0
171084,3995,5.0
114882,559,4.0
188204,3470,5.0
216320,2872,4.0
301443,4065,5.0
5060,3913,5.0
465524,2886,5.0
79888,4075,5.0
369715,3624,3.0
375375,2836,5.0
149363,4075,5.0
340099,4050,0.0
467510,4015,5.0
233829,3977,3.0
318225,2510,5.0
120448,280,5.0
82908,3568,5.0
227456,519,5.0
308434,916,5.0
505972,432,5.0
494593,3940,5.0
202640,2537,5.0
421374,2814,0.0
319854,2496,5.0
327863,3470,3.0
360437,546,4.0
29300,3566,5.0
218535,854,1.0
60504,2496,5.0
330545,66,5.0
19185,2111,5.0
483932,1236,5.0
362493,2611,5.0
457321,167,5.0
4470,777,5.0
461283,3877,5.0
126440,607,3.0
434636,1356,5.0
517410,2886,5.0
274735,3064,4.0
9579,3441,5.0
215641,2496,5.0
462165,3451,5.0
469437,3470,5.0
240668,2708,5.0
403193,3010,5.0
358698,3166,4.0
351811,3440,4.0
22655,3180,4.0
82994,3233,4.0
58104,3689,5.0
501082,3595,5.0
153878,4018,5.0
233583,3689,5.0
442070,607,5.0
30503,519,5.0
232532,749,5.0
490931,615,3.0
170972,834,5.0
130513,2886,5.0
335571,3745,5.0
373495,3370,5.0
256124,198,5.0
28691,2774,0.0
284312,3610,4.0
189475,2886,5.0
486648,647,5.0
468351,3560,5.0
137481,834,4.0
508312,3092,5.0
179827,3993,5.0
385423,2886,5.0
37449,3689,5.0
242989,3470,5.0
260911,2496,5.0
27443,3503,5.0
403193,558,5.0
194829,91,5.0
311003,615,5.0
433881,607,5.0
215499,432,5.0
450571,638,5.0
186802,2958,5.0
391008,2731,5.0
64203,916,5.0
393257,3180,5.0
234222,897,5.0
434907,3294,4.0
505873,3470,5.0
22655,2886,3.0
189475,3470,5.0
211682,3370,5.0
125808,3470,5.0
273254,85,5.0
140806,456,4.0
451226,376,4.0
152178,3425,5.0
360030,2695,5.0
356499,558,5.0
213141,3877,5.0
506344,1320,5.0
439210,916,5.0
281187,3745,4.0
319943,2072,4.0
55910,1207,5.0
128473,387,5.0
496803,3888,5.0
451055,3470,5.0
199839,2791,5.0
64642,3985,0.0
153188,782,5.0
156891,1267,5.0
43152,3591,5.0
5060,2848,4.0
95559,3470,5.0
61525,2677,5.0
67719,3009,5.0
254614,2386,4.0
177933,4050,5.0
192880,2789,4.0
229448,3482,4.0
380162,4042,5.0
52543,91,5.0
4470,897,5.0
97871,3595,5.0
109110,2872,0.0
281187,2886,4.0
486725,3400,5.0
460531,2886,5.0
109608,3806,5.0
22655,1356,5.0
164610,3057,5.0
431716,4018,5.0
174559,632,5.0
214116,825,5.0
58762,401,3.0
486888,1207,3.0
485728,519,5.0
164493,749,5.0
137081,3745,4.0
220234,1356,4.0
265956,2496,5.0
130447,2814,5.0
52074,2526,5.0
146742,3343,5.0
25941,2886,5.0
302935,3441,5.0
140132,1035,5.0
174096,3333,5.0
215781,779,5.0
185590,2772,5.0
191534,2781,3.0
500671,820,5.0
175727,3929,4.0
95743,1183,5.0
471300,749,5.0
192101,809,5.0
481464,632,3.0
345380,3745,4.0
232933,376,5.0
260911,4007,5.0
15521,2741,4.0
465911,719,5.0
357513,4050,0.0
143946,749,4.0
70073,3378,5.0
55017,3868,4.0
143946,809,5.0
95217,2670,5.0
513366,3470,5.0
260325,607,5.0
126440,198,5.0
140655,3158,5.0
252316,2496,5.0
49304,3470,5.0
461897,3763,5.0
125640,3347,4.0
438582,469,0.0
42247,2695,5.0
55729,3138,4.0
44642,3929,4.0
222096,3994,5.0
252814,2496,5.0
437237,224,5.0
92816,1600,5.0
54162,673,5.0
297913,2903,5.0
453828,607,5.0
262353,3057,0.0
340141,2510,5.0
180087,809,5.0
148753,3797,5.0
242484,536,2.0
471300,2802,5.0
229753,3470,5.0
11176,246,5.0
300474,2791,5.0
130133,3877,3.0
406503,3180,5.0
406503,2137,5.0
416985,930,5.0
276707,519,1.0
330545,1073,5.0
91392,1293,5.0
37449,3166,5.0
471300,638,5.0
4470,1356,5.0
377581,4106,5.0
29300,3286,5.0
158086,2814,5.0
41370,634,5.0
374498,167,4.0
420166,432,5.0
516754,3180,5.0
60124,2708,5.0
449702,3370,5.0
440073,519,4.0
111739,1133,5.0
438204,2496,5.0
126440,49,5.0
162158,2496,5.0
352814,930,5.0
520620,62,5.0
101732,3180,5.0
324621,820,5.0
35488,2863,4.0
320625,2509,5.0
363055,3180,5.0
349458,2496,5.0
123871,3180,5.0
224170,1557,5.0
160331,2072,5.0
5060,683,5.0
296085,506,4.0
111291,3900,5.0
206354,820,4.0
485728,246,5.0
399932,632,3.0
380162,519,5.0
340099,232,5.0
321820,683,3.0
43216,2496,5.0
56463,2658,5.0
104295,2496,5.0
262966,2496,5.0
249657,445,5.0
489929,2772,4.0
465080,3357,5.0
102833,3009,4.0
146486,1133,5.0
195694,2509,5.0
240692,2677,5.0
249623,343,5.0
155587,1356,5.0
131021,3370,3.0
472215,2663,5.0
367847,62,5.0
258528,445,5.0
26075,1267,5.0
65720,1356,5.0
13506,2886,5.0
135547,2072,5.0
333017,3602,5.0
358513,1602,5.0
169357,376,5.0
226863,3397,5.0
121457,2535,3.0
142465,445,5.0
503551,2886,5.0
252816,2137,0.0
136828,49,5.0
437767,3929,4.0
487279,2586,5.0
359166,2519,1.0
444132,1600,5.0
190857,3470,3.0
139977,346,3.0
157167,749,4.0
311926,2886,5.0
98919,607,5.0
135278,3166,5.0
463435,1602,5.0
37026,2072,5.0
195750,62,4.0
125524,1904,5.0
305673,749,5.0
213909,343,5.0
163986,1904,5.0
517198,601,5.0
375730,2072,4.0
424680,4078,5.0
67614,632,4.0
184890,445,5.0
278218,432,5.0
424850,2072,5.0
198154,3595,5.0
464926,3995,5.0
517144,2886,5.0
57101,454,4.0
283251,2897,4.0
252816,2072,5.0
139731,3888,5.0
252816,445,0.0
303427,3921,5.0
4470,238,5.0
187373,776,4.0
246162,2496,5.0
126440,314,5.0
496862,626,4.0
394077,2576,5.0
437200,4052,5.0
294435,2576,5.0
56003,432,4.0
191533,749,4.0
88378,458,5.0
346812,4065,5.0
221657,1423,5.0
253965,3579,5.0
145580,992,5.0
232311,3397,5.0
215350,3745,5.0
221657,4050,5.0
43478,2072,4.0
232869,3745,5.0
17803,2137,5.0
49856,3812,5.0
173880,1600,5.0
173306,2496,5.0
199657,3877,5.0
345776,3180,5.0
495793,1522,4.0
311625,2496,5.0
138449,167,5.0
511587,3439,5.0
373495,1600,5.0
80937,2072,5.0
352271,749,5.0
256021,1600,5.0
258688,3368,5.0
467492,558,5.0
360030,376,4.0
1676,825,5.0
97073,1600,5.0
489552,3595,5.0
494589,3057,5.0
412115,1249,4.0
412115,3877,5.0
174722,1207,5.0
129177,1600,5.0
331557,3745,4.0
131021,1306,4.0
412186,2929,4.0
203111,3397,2.0
501717,343,5.0
238113,3668,4.0
167527,2498,5.0
43413,1356,5.0
178017,3877,5.0
308765,749,5.0
207472,2775,5.0
206101,3378,5.0
446523,2032,5.0
140132,3333,4.0
38285,3877,5.0
146552,1420,4.0
183968,4075,5.0
425242,2677,5.0
282215,834,4.0
168462,2677,5.0
180952,2886,5.0
493276,749,5.0
178504,3877,5.0
177155,2767,5.0
269198,2496,5.0
34357,246,4.0
38418,2973,5.0
177085,3470,5.0
394085,271,5.0
4470,3464,5.0
353131,556,5.0
98919,199,5.0
88378,3621,5.0
345731,4050,4.0
226989,2496,3.0
318235,2496,4.0
345569,2695,4.0
28636,2793,5.0
451055,3092,5.0
178742,916,5.0
30209,3745,4.0
123871,749,5.0
73951,632,0.0
267323,1574,5.0
29404,2713,4.0
316194,632,5.0
330794,2720,5.0
314481,2886,5.0
287084,2886,5.0
28636,3456,4.0
385423,2510,5.0
138686,962,5.0
366781,3284,5.0
342468,2604,4.0
217482,2670,5.0
289292,749,5.0
187349,3037,4.0
443975,2973,5.0
521192,332,5.0
383346,3397,5.0
49856,3094,5.0
438445,3358,5.0
385999,356,5.0
56003,3090,4.0
172489,2886,5.0
135887,3180,5.0
33159,3180,4.0
359533,749,5.0
195750,3520,5.0
242809,3745,4.0
141284,2625,5.0
289510,2663,5.0
226066,1356,5.0
44383,62,3.0
226362,4075,5.0
227607,3441,5.0
142559,1904,5.0
234062,4084,4.0
461099,3983,5.0
125388,1861,5.0
192849,3470,5.0
340994,916,5.0
496829,2496,3.0
136511,2267,4.0
128473,3556,5.0
179368,3470,3.0
267853,3593,2.0
253965,2537,2.0
6651,3092,5.0
394288,3616,5.0
475484,1600,5.0
169166,749,5.0
440112,2886,5.0
421374,2886,4.0
92816,1356,4.0
400708,2686,5.0
480970,2364,5.0
465080,1133,4.0
283483,1356,3.0
378294,965,5.0
124268,2658,3.0
1535,1267,4.0
326543,1522,5.0
140132,3294,5.0
382418,356,5.0
57089,3579,5.0
360730,916,0.0
50053,3520,5.0
20064,2537,5.0
8629,3621,1.0
260688,749,5.0
248264,2496,5.0
363055,1600,5.0
67243,3470,5.0
189280,3370,5.0
46660,246,4.0
496999,3929,5.0
418128,245,4.0
226989,432,3.0
245301,3092,5.0
330505,2886,5.0
399417,607,5.0
103876,3731,5.0
489552,2032,5.0
462637,749,5.0
414988,3470,4.0
139487,2886,5.0
66448,2537,5.0
166294,2510,5.0
283483,2496,5.0
383795,749,5.0
73951,2496,5.0
450571,3841,5.0
64154,1356,5.0
266028,607,5.0
382203,1048,5.0
382203,3582,5.0
497152,186,5.0
465080,1522,5.0
241982,2393,5.0
98467,198,0.0
207907,543,5.0
254614,3689,5.0
45512,2510,5.0
313943,647,5.0
346860,1356,5.0
225896,2886,5.0
166164,4049,5.0
258606,3803,5.0
460048,2496,5.0
173105,3092,5.0
198129,2498,5.0
91724,719,5.0
214991,1522,5.0
129652,142,4.0
5060,2537,5.0
339675,3092,0.0
245510,2496,5.0
169341,3381,3.0
122878,3370,5.0
374717,3713,5.0
25941,3201,5.0
503628,2510,5.0
5060,777,5.0
140132,3092,4.0
364863,2886,5.0
186979,2886,5.0
234027,1356,4.0
189674,3441,4.0
37072,3929,4.0
126037,820,5.0
364863,3402,5.0
508249,1356,4.0
140806,1035,5.0
140190,2510,5.0
92816,4075,5.0
345915,2509,5.0
330545,2669,4.0
275326,1306,5.0
97775,3441,5.0
358698,2885,4.0
469903,3441,5.0
27783,1035,5.0
327989,3180,5.0
37080,3846,5.0
513441,4049,0.0
91214,3595,5.0
339025,3976,4.0
143917,3577,5.0
188918,1356,4.0
149415,2498,4.0
293946,1048,5.0
168462,2836,5.0
500343,4050,5.0
469021,2056,4.0
282125,3745,5.0
452355,2987,5.0
176615,975,0.0
30067,2510,5.0
347347,2555,5.0
494990,2886,5.0
202865,1841,4.0
211577,519,5.0
325318,2496,5.0
340533,607,5.0
250031,2496,5.0
47151,3711,5.0
268501,3037,5.0
175727,3180,5.0
479756,607,5.0
30503,809,5.0
49849,4065,5.0
278639,4050,5.0
358095,3742,5.0
330505,512,5.0
387912,3745,5.0
45765,1035,5.0
273514,456,3.0
420515,3913,5.0
345915,1035,5.0
242484,4075,5.0
424762,3166,5.0
137911,3365,5.0
364321,4075,4.0
161825,1522,5.0
259391,632,4.0
4601,543,5.0
471300,2886,5.0
358698,1581,5.0
407007,464,4.0
140100,607,5.0
140132,198,5.0
509887,3579,5.0
463763,355,0.0
185113,3745,5.0
65573,240,4.0
310953,3689,5.0
185142,2364,5.0
308434,615,5.0
340272,2720,5.0
329638,3868,5.0
500671,3441,4.0
218535,3470,5.0
143917,693,4.0
486078,2886,5.0
440568,834,5.0
146047,3285,3.0
248826,632,5.0
196341,2677,5.0
126377,2072,5.0
60992,3389,4.0
467741,2496,5.0
384133,2056,5.0
168556,3745,4.0
375681,3180,3.0
416985,3037,5.0
277825,2496,5.0
246266,1904,5.0
239706,3683,5.0
429217,3359,5.0
297639,1133,5.0
458462,3166,5.0
125388,2666,5.0
199657,2930,4.0
226867,634,5.0
380343,809,5.0
430236,3745,4.0
52074,3441,5.0
125808,2677,5.0
369698,2496,5.0
407338,2864,4.0
181781,3928,3.0
55406,2364,5.0
11461,2708,5.0
400708,3057,4.0
438762,2496,5.0
384133,3180,5.0
255725,3470,5.0
58836,2496,5.0
158446,2670,2.0
183086,2663,5.0
140806,2496,5.0
518581,3173,4.0
209613,2032,5.0
114243,2496,5.0
204024,3397,4.0
461283,4050,5.0
52317,3263,0.0
518581,749,5.0
353465,661,0.0
281132,2496,5.0
440324,749,5.0
4470,2826,5.0
156027,3166,5.0
38182,3929,5.0
384657,3370,5.0
232190,2708,5.0
297913,642,3.0
373083,1873,5.0
189475,3687,5.0
180406,642,4.0
438906,1356,5.0
53932,2990,5.0
501778,356,5.0
430765,2781,4.0
207907,773,5.0
128473,3004,5.0
377366,2772,5.0
4291,3161,5.0
391787,469,5.0
114606,2886,5.0
204116,3258,4.0
363055,3370,5.0
465080,707,5.0
53495,558,5.0
519896,2886,5.0
377712,1600,5.0
323545,171,4.0
176398,749,5.0
162826,345,5.0
47570,2695,5.0
173579,3830,5.0
199839,2496,4.0
312577,2708,5.0
186979,272,5.0
298981,3689,5.0
378294,544,1.0
95567,3009,5.0
126440,3860,5.0
232886,1600,5.0
339544,2987,5.0
176615,2387,5.0
377070,2663,5.0
59199,1356,4.0
433881,3782,5.0
80998,3595,5.0
195694,4050,2.0
481092,3595,4.0
505381,1267,5.0
279496,3470,4.0
212801,2496,5.0
357513,3370,5.0
240832,2958,5.0
465080,2814,5.0
98212,2509,5.0
143811,2496,5.0
197746,2496,5.0
320843,2886,5.0
4601,3787,5.0
362983,2496,5.0
205555,607,5.0
433068,2496,5.0
296050,271,5.0
28177,2937,4.0
287080,2987,5.0
33159,3797,4.0
298981,2072,5.0
264017,2072,5.0
58104,252,5.0
379033,2872,5.0
206442,2667,5.0
345731,749,5.0
165169,2886,5.0
5060,1133,4.0
53932,2137,0.0
60716,2417,5.0
126440,3168,5.0
153067,3668,5.0
358698,3037,5.0
154588,671,3.0
60716,3301,5.0
133174,266,5.0
440590,820,5.0
4740,570,4.0
233495,1693,4.0
64625,3771,5.0
165091,2496,5.0
398216,2509,5.0
118163,3570,0.0
350750,142,5.0
29336,2886,5.0
119481,445,5.0
51224,2072,5.0
267665,2886,5.0
509989,3900,5.0
224088,2886,5.0
499298,2663,5.0
104295,3464,3.0
512834,3351,4.0
173579,825,5.0
377039,2979,0.0
116137,2496,1.0
319943,607,5.0
227496,548,5.0
142386,2886,5.0
209232,4050,5.0
520830,378,5.0
60989,543,5.0
257146,3368,5.0
224088,445,4.0
475484,2393,1.0
416985,2496,5.0
8629,1438,5.0
298447,1600,5.0
357389,930,5.0
469903,2072,5.0
518581,632,4.0
15521,3742,4.0
341513,2625,4.0
40328,1356,4.0
158086,2625,5.0
146783,773,5.0
129652,3877,5.0
114243,932,5.0
373020,2510,4.0
133174,66,5.0
389683,930,4.0
124416,66,5.0
278488,3180,5.0
437991,2072,5.0
202865,3370,5.0
383346,66,5.0
520620,3062,0.0
438576,2582,5.0
438576,2583,5.0
40779,3745,5.0
253974,2496,5.0
8629,1600,4.0
106624,2141,5.0
477308,1600,2.0
56251,1438,5.0
116429,4075,5.0
335571,2137,4.0
369715,3397,5.0
449848,3439,4.0
382071,2111,5.0
173579,916,5.0
242846,3368,5.0
20064,3368,5.0
278218,376,4.0
222970,62,5.0
145338,3470,5.0
103876,607,5.0
421546,2509,4.0
173579,536,5.0
409812,2496,2.0
32570,2496,5.0
136997,1133,5.0
374498,2885,0.0
6651,4078,5.0
246292,749,5.0
141347,2791,5.0
85713,2146,5.0
15521,3163,4.0
143721,1356,5.0
316809,2886,3.0
119422,4075,5.0
185139,3267,4.0
220582,3983,5.0
173579,2625,5.0
361489,2056,5.0
278118,203,5.0
158086,3595,0.0
220403,548,5.0
178427,992,5.0
357358,2496,5.0
185446,2496,3.0
433064,2686,5.0
421689,1322,5.0
260911,2791,5.0
274432,3745,5.0
272300,2886,0.0
228037,2510,5.0
253710,3092,5.0
115302,3092,0.0
111119,3092,5.0
297557,3559,5.0
502095,2496,5.0
318235,3809,5.0
192849,2537,5.0
324262,3559,5.0
308434,374,5.0
286566,3101,5.0
457907,3983,5.0
140132,1356,5.0
442988,2537,5.0
118840,2561,4.0
233616,2791,5.0
358796,2498,5.0
461552,809,5.0
51613,2791,5.0
383346,2886,5.0
227652,519,5.0
56463,2510,5.0
118163,4075,5.0
74281,3441,5.0
349058,3711,5.0
286566,2996,4.0
500586,3121,1.0
227496,4075,5.0
62264,638,5.0
91392,3595,5.0
286006,2496,5.0
156783,1557,5.0
441525,749,5.0
383346,565,4.0
291292,3595,5.0
212497,2902,5.0
470211,3470,3.0
62545,3357,5.0
22015,590,5.0
18931,1442,5.0
469903,3049,5.0
293757,1595,4.0
513230,3916,0.0
199839,3782,5.0
439797,2987,5.0
303427,3900,3.0
145448,2510,5.0
168451,186,4.0
92816,3782,3.0
486718,809,5.0
241241,314,4.0
370907,3387,5.0
230579,3254,5.0
422893,1217,4.0
173579,3470,5.0
104082,608,5.0
27416,2791,5.0
91392,3180,5.0
358698,809,4.0
165217,2576,0.0
395947,4065,5.0
212497,3470,5.0
43083,2267,5.0
241140,809,5.0
80353,3782,0.0
108807,1522,5.0
320849,314,0.0
482376,2886,4.0
496803,3917,3.0
199848,3568,5.0
96177,1356,5.0
426938,2496,5.0
253476,3064,3.0
133174,965,4.0
297761,2663,5.0
237624,3745,5.0
125416,2137,5.0
176615,773,5.0
358095,2886,5.0
309526,3983,5.0
141590,1322,5.0
203111,2886,5.0
141898,2496,5.0
416985,645,5.0
311926,445,5.0
472275,1306,4.0
448004,749,5.0
33186,3333,0.0
204153,3710,5.0
118684,3180,4.0
307059,167,4.0
142559,2496,5.0
140132,607,5.0
86318,3180,5.0
297557,2886,5.0
88169,2886,4.0
353934,2886,5.0
317696,2886,4.0
126440,2652,5.0
62545,2509,5.0
245915,1600,5.0
323186,2872,5.0
391048,1356,5.0
305531,1832,5.0
184868,3470,2.0
286566,3683,5.0
353485,3745,4.0
191533,3470,2.0
125416,1356,5.0
424680,525,5.0
38643,749,5.0
34025,647,5.0
471937,636,5.0
290010,3173,5.0
40281,2886,5.0
55406,1356,5.0
320427,749,4.0
68460,376,5.0
43083,246,4.0
126440,2708,4.0
357071,2695,5.0
268888,1031,4.0
227652,3877,5.0
27798,3745,5.0
27564,3713,5.0
250031,2056,5.0
250031,3805,4.0
126440,749,5.0
215664,3900,4.0
233194,2510,0.0
437904,2510,3.0
502302,749,0.0
126440,2496,5.0
177933,3579,5.0
337963,760,5.0
394077,2496,4.0
319943,809,3.0
482933,3242,5.0
205750,544,4.0
198154,3559,5.0
486680,567,4.0
307059,4075,5.0
246482,3900,5.0
192852,3368,4.0
126440,4018,5.0
229850,3368,5.0
500860,2496,4.0
86318,3099,5.0
74904,4075,5.0
178427,2677,5.0
309819,3439,5.0
256795,2663,5.0
176615,607,5.0
209447,3294,1.0
285039,2708,5.0
165933,2032,5.0
115525,1293,5.0
377070,2496,5.0
198393,2284,4.0
199848,3326,4.0
267853,456,4.0
376986,519,5.0
164182,607,5.0
187619,1356,5.0
139991,519,4.0
178742,1356,5.0
141654,3683,3.0
112864,825,5.0
103876,3595,5.0
228037,2072,0.0
383359,536,2.0
420694,3470,5.0
101432,3568,4.0
364211,593,5.0
113535,2496,5.0
497288,3370,5.0
47510,3368,5.0
372395,1356,5.0
363055,2072,5.0
310237,773,5.0
134011,456,5.0
230579,3745,5.0
176615,3368,5.0
454804,1438,2.0
314825,346,4.0
176615,2072,5.0
346363,343,5.0
65197,2072,0.0
138795,2496,5.0
251626,2677,5.0
429976,2072,5.0
22868,2886,5.0
400708,536,5.0
58552,4065,5.0
282731,2267,5.0
140132,567,5.0
140132,4075,5.0
137911,4065,5.0
130531,809,0.0
217369,3582,5.0
222478,3009,0.0
496803,634,4.0
498271,1355,5.0
494607,1873,4.0
498451,2510,4.0
286566,2032,5.0
29196,3728,5.0
257941,3470,5.0
439685,2056,3.0
303386,3470,4.0
176615,2537,5.0
59879,3559,5.0
253476,3782,4.0
345915,1873,0.0
68460,3055,3.0
8688,2886,5.0
382203,3180,4.0
133174,2987,5.0
211577,2056,5.0
248746,607,5.0
462997,3579,5.0
95217,2537,5.0
129652,1293,4.0
86318,587,4.0
296050,1356,5.0
372185,749,5.0
462997,4049,3.0
403281,3560,5.0
65631,167,5.0
143721,2886,5.0
117501,2577,5.0
258223,2886,5.0
246482,2886,5.0
269575,2496,5.0
176615,3745,5.0
171084,62,5.0
386585,3028,5.0
54678,271,5.0
174096,3925,5.0
142789,3470,3.0
323107,2496,5.0
200862,3800,5.0
257414,536,4.0
62264,2791,5.0
140132,930,5.0
469895,1356,0.0
171904,3470,0.0
103876,3745,4.0
126440,1861,5.0
6702,3516,5.0
161265,2496,5.0
403729,4042,4.0
353205,607,5.0
178504,49,5.0
457943,1320,5.0
140132,3180,5.0
109110,3520,0.0
487394,3431,5.0
33159,2072,4.0
176615,519,5.0
4862,749,5.0
163601,2886,0.0
198154,1306,5.0
307059,3954,5.0
383346,2708,5.0
131021,3470,5.0
103876,2496,5.0
241882,3470,5.0
14410,2677,5.0
261553,2496,5.0
213139,2496,5.0
261553,2886,5.0
230579,445,5.0
140132,3370,5.0
77458,3397,5.0
140132,2695,5.0
191533,1600,4.0
267253,2496,5.0
453440,3800,5.0
383346,749,5.0
382203,3182,5.0
439400,2137,5.0
140132,632,5.0
394288,2886,5.0
456858,460,4.0
171920,3929,3.0
383346,3579,5.0
452355,324,5.0
383346,224,5.0
100246,3285,5.0
176615,2509,5.0
250063,1356,5.0
117042,1042,5.0
518825,2886,5.0
456858,3470,5.0
117781,1035,5.0
196388,2496,5.0
222564,916,5.0
114317,3570,5.0
363919,2509,5.0
307313,4065,5.0
377077,3470,2.0
317195,519,5.0
137428,2891,4.0
47723,3180,3.0
126418,1356,5.0
297913,3470,4.0
468351,3166,5.0
184986,1883,5.0
373020,3520,4.0
350750,3595,5.0
222564,648,5.0
176615,3370,5.0
350750,3745,5.0
300721,2496,5.0
221855,2537,5.0
396152,2535,1.0
198154,2815,3.0
185926,1600,4.0
430507,3745,5.0
298447,1356,4.0
171683,3180,5.0
37779,2713,4.0
274252,2509,5.0
307059,2886,5.0
41706,3470,5.0
198154,2366,4.0
13796,2056,5.0
166144,3470,3.0
218535,632,1.0
227496,2886,5.0
394077,3579,5.0
78249,3805,0.0
65486,3579,5.0
298447,2886,5.0
280271,2056,5.0
336563,2886,4.0
10320,2886,5.0
354881,2886,5.0
368078,2886,5.0
426302,2886,5.0
440735,3166,5.0
218535,4018,4.0
432917,2886,5.0
171854,3745,5.0
91584,2677,5.0
168612,2886,4.0
48150,3974,5.0
318262,3954,5.0
476796,404,4.0
50509,346,5.0
91584,2886,5.0
342251,749,5.0
98919,2886,5.0
122878,1356,5.0
30209,2886,5.0
69248,2886,5.0
138686,2526,4.0
153918,2886,5.0
31083,2886,5.0
298447,2708,5.0
350750,2496,5.0
153253,3037,5.0
151991,2886,5.0
126440,648,5.0
487394,632,5.0
487394,3954,4.0
169122,139,5.0
41848,3470,5.0
169122,314,5.0
57256,3415,5.0
124945,2498,5.0
300721,2886,5.0
37862,606,4.0
212874,232,5.0
36739,1042,5.0
53932,4110,4.0
124268,2886,5.0
314532,2496,5.0
242188,2862,5.0
198154,3689,4.0
198154,3470,5.0
376986,280,5.0
172410,3180,5.0
30228,2886,5.0
73951,4065,5.0
278639,3559,5.0
384041,916,0.0
285820,3094,5.0
290010,3929,5.0
189475,1356,5.0
357323,1600,5.0
129652,1600,5.0
215350,2886,5.0
325147,456,5.0
305531,2462,5.0
233839,3954,5.0
162086,2886,5.0
435240,4065,5.0
489552,2886,0.0
297876,2886,5.0
213443,3166,0.0
75407,2886,5.0
111263,1356,5.0
90355,2072,5.0
74603,3768,5.0
37215,3335,4.0
390074,3232,4.0
10332,3083,5.0
499806,540,2.0
249363,540,4.0
241579,534,5.0
46786,1141,3.0
92264,1465,5.0
271221,1465,5.0
279506,1184,3.0
32769,3848,2.0
51664,3047,0.0
473149,3345,4.0
180789,3969,4.0
276833,555,4.0
290837,1330,5.0
21627,490,5.0
178116,3871,3.0
229467,282,5.0
413217,1018,2.0
15368,1857,3.0
12875,4088,5.0
244082,2123,5.0
129727,2123,4.0
181879,3409,3.0
437619,2934,0.0
83816,3952,4.0
6702,3084,4.0
30471,209,3.0
26314,3141,5.0
139706,3979,5.0
186379,2989,5.0
124546,3654,5.0
339661,3085,4.0
52621,1144,5.0
14532,3020,0.0
494087,2279,4.0
63070,4051,4.0
181716,3508,5.0
128470,2840,5.0
22278,989,4.0
136696,2541,5.0
357052,3247,5.0
161717,3247,5.0
141670,3773,5.0
511667,3412,4.0
14880,328,5.0
167326,328,2.0
186981,251,3.0
71636,1888,4.0
378148,833,5.0
29241,3611,5.0
351687,3203,4.0
379836,3832,4.0
335269,4104,5.0
10896,1155,5.0
123955,3627,4.0
372157,3685,5.0
474288,2703,4.0
75227,3774,2.0
56084,3798,5.0
25925,329,4.0
223426,329,5.0
190698,2655,5.0
48393,2739,3.0
234500,3416,5.0
166632,4020,5.0
12312,3044,3.0
214785,2877,5.0
23394,2122,4.0
1773,649,4.0
75020,399,0.0
225054,2105,5.0
