userId,rating,recipeId
2046,5,517
1773,4,278
2046,5,3431
2312,5,780
2312,4,1232
2625,3,471
2312,5,164
2999,5,3567
2178,3,3704
3794,5,191
3794,5,3525
2312,5,3651
2695,1,350
5523,4,2713
5523,4,1229
6164,1,1878
6702,3,536
2312,5,2886
8639,5,2886
8679,5,1128
6702,3,659
10701,3,100
6220,5,1823
10216,5,2802
10979,5,2886
11119,4,1600
9121,5,3722
11543,5,2841
6357,5,2761
11297,4,580
11044,1,2675
11297,4,2731
4470,4,3351
4470,5,324
10896,4,3273
4470,3,2533
11044,4,2032
10896,4,648
12200,5,3595
10314,5,2901
4470,4,1574
8631,4,2267
10701,4,606
8629,4,930
11297,3,170
12657,5,464
13593,5,3451
9869,4,3900
13483,3,902
9869,4,3463
15851,5,376
15368,5,432
4470,5,834
14613,3,113
16334,5,834
6357,3,2238
4470,5,3805
16171,5,2886
6357,4,3722
16140,4,1823
4470,5,3057
17344,5,3285
15368,5,4078
16140,5,1136
14059,5,246
15656,5,2886
16140,4,2155
14059,4,280
14059,4,2700
10314,5,2903
6357,5,4112
9869,5,2886
18660,5,3937
10404,5,1293
1634,4,3624
13483,4,617
9869,5,4044
2312,5,3368
13483,4,693
16140,4,585
16140,4,380
19895,5,2387
15609,5,2015
13483,3,2519
15572,4,361
10314,5,2988
18660,4,3614
18977,4,3842
14386,3,4079
9869,5,3294
15572,5,834
15645,5,3877
16140,5,2761
21694,5,3549
10216,5,2130
21694,5,4096
10216,5,1904
17608,4,3198
9869,5,2387
16408,5,62
20371,3,3058
14583,4,4018
20371,4,112
14613,5,4032
14613,3,3526
6357,4,229
13483,2,3620
21752,5,3549
13483,4,834
14880,5,2886
16827,5,1746
20371,3,2535
19799,5,3837
2555,5,4002
10216,5,3504
21694,4,4040
6357,4,2673
23701,5,280
11295,4,3567
20238,5,3805
14613,4,62
22920,4,167
24296,5,3553
24296,5,3579
6702,4,4100
15368,4,506
21752,4,3208
24296,5,3201
20754,5,3567
12657,4,454
12657,4,2737
10649,2,902
21432,5,2987
10649,4,825
21267,5,3436
4470,5,450
12619,4,3711
2312,4,3616
10649,3,190
20497,5,361
20828,4,3846
19799,5,2462
9580,4,4110
6357,3,3043
17803,4,3902
19419,5,3713
19799,5,834
20159,4,3807
20076,5,2015
27366,5,2901
9121,1,2072
8728,4,464
13483,4,422
15404,5,780
25455,4,2886
26268,4,1035
20754,5,3441
17803,3,2789
28750,4,2886
13011,4,3135
14000,5,360
19924,5,498
29241,5,607
14386,1,2075
29361,4,3506
13063,5,3877
29299,5,1136
20754,4,632
27643,5,3595
14386,5,3180
10934,5,2903
25455,5,3742
20160,5,1832
21752,5,615
25792,5,2886
9590,5,3285
30080,5,246
4470,4,3242
23302,5,3595
14613,4,198
27385,5,2364
21487,4,1562
25467,5,3158
26341,3,834
27643,4,3847
27385,5,3716
24323,5,3800
12882,5,3094
12882,5,3049
8688,5,3285
13063,4,2578
11295,1,676
28442,5,1883
29750,5,198
20160,5,112
15820,5,609
30746,2,1923
8688,5,3294
12657,5,456
5929,1,617
30716,5,2611
31803,5,2987
20214,3,112
30067,5,3180
32312,5,3351
32365,5,1581
29196,4,3103
32411,1,3588
9869,3,3828
13063,4,2131
18391,4,3651
26512,5,2741
32725,2,3595
18391,5,3284
31611,5,2841
6258,4,467
29014,5,2535
5929,5,3683
14880,4,3710
12882,4,2535
29196,5,834
20214,5,3595
20754,5,3712
29920,4,3730
4470,4,3376
30716,3,1201
6512,4,112
14613,5,3180
24323,4,930
31083,5,2814
5523,5,3400
31914,4,3495
34280,5,46
25045,5,3846
34357,5,648
34795,5,3009
37080,4,3470
23333,5,246
30716,5,617
25835,4,2886
18391,5,965
28397,5,2886
18391,5,3975
27678,4,1356
20076,4,472
6381,4,1356
34725,5,3470
35414,4,3567
15511,5,198
29920,4,536
24995,5,2189
27643,5,558
7456,5,2537
27643,4,3716
36449,5,4003
1891,4,1293
27643,5,2137
39210,3,170
13736,4,2856
37229,4,3579
31883,5,2901
4470,5,3683
9869,4,3555
12657,4,514
25455,5,4050
12657,5,3771
6651,5,3358
30640,5,3021
35193,4,834
41177,5,203
10033,5,2137
27395,5,3021
27443,5,4034
20497,5,327
8629,4,560
24995,4,1168
29196,4,3920
7456,5,2462
12657,5,636
42361,5,4050
27381,5,114
27381,5,1035
8000,1,2772
28201,5,536
40497,5,1861
7676,5,4100
25784,3,3516
11297,4,547
39713,4,445
21274,5,3600
44192,4,3464
31232,5,3351
41490,4,4050
41973,5,3370
43152,3,503
31232,5,246
41425,4,271
1891,5,2072
42783,5,2708
11297,5,970
30503,5,246
34725,5,445
15572,4,2815
37449,5,2462
39835,3,2632
29291,5,2705
4753,1,2526
46731,4,2814
30503,4,638
41874,3,897
16459,4,3788
48912,5,2772
43505,4,4002
41550,4,62
41487,4,693
11044,5,2886
27678,5,3180
41529,5,747
35701,5,4049
3794,5,1042
30893,5,1356
25455,2,4044
34272,5,4079
12875,5,916
39277,5,3062
29667,5,1267
10033,4,3471
10332,5,3470
13483,5,93
29196,4,450
4470,5,931
22724,5,916
11295,5,3285
29956,4,3103
39835,5,3602
52528,5,648
38185,4,1267
43846,5,136
26657,5,246
53366,5,3037
46431,5,1136
51572,4,671
49360,5,246
52663,4,3058
52306,5,615
25996,4,2111
28201,5,3595
9869,4,2996
37471,5,3595
6258,4,3470
37640,4,1630
25455,2,834
37868,5,1481
51890,3,2720
9869,4,3616
30298,4,1356
5060,5,346
53123,3,3961
55759,5,616
29014,5,3471
41531,5,3472
50778,4,203
53522,4,2720
27443,5,3595
39311,1,2526
4470,5,3472
8526,5,246
7978,5,3470
13483,5,607
37106,5,3161
39835,4,49
36128,5,3161
12657,5,631
7108,5,2056
55406,5,2267
37868,5,3464
33159,5,2621
35635,4,1293
55729,4,834
37471,5,355
37636,5,246
49747,4,2537
42938,4,66
18391,5,3180
34206,3,3285
57828,5,4065
47510,5,3520
20480,5,361
52652,4,456
35140,5,3470
12657,4,1232
13483,4,965
42290,4,3577
27783,5,3370
55729,4,3037
55056,5,3559
10113,5,3057
29356,5,3121
59686,3,3559
45999,4,4050
35140,5,3559
49482,5,615
46660,5,4075
33135,5,3010
42822,5,3161
60694,5,3180
55729,5,246
53425,4,1033
26451,5,3610
13796,5,648
26313,5,3370
34272,5,2072
32772,5,3616
35140,5,3557
46840,4,3610
6258,5,2364
31914,5,615
37441,1,3428
8526,4,459
43152,5,834
56498,5,246
55729,3,411
13063,4,3200
14568,5,2498
57003,5,3370
53286,3,953
37779,5,3701
56447,4,1825
52062,5,278
59064,5,40
47649,4,3010
27452,5,2189
20371,2,3010
59064,5,1581
25784,4,3161
10896,4,535
59064,4,638
44650,5,167
55818,5,3929
35106,5,4024
55785,5,626
55370,4,556
61357,4,3286
22015,5,1035
33902,5,4024
29450,5,834
66899,4,2675
45833,5,2072
38218,5,3436
4470,1,519
43083,4,693
46545,5,2576
37868,5,693
65308,5,4024
27395,5,558
65631,5,2939
48065,5,3803
60260,5,536
9869,5,2708
36739,5,4055
10934,5,2686
28604,4,1630
42682,5,2576
39394,5,607
63927,5,749
26094,1,2189
61954,3,536
68210,1,181
38418,4,1267
38418,5,2707
27843,5,3180
56081,4,175
68210,5,2056
36748,5,3929
67525,4,2543
21841,5,3149
17803,5,536
39835,5,3259
29655,4,2741
37779,5,2577
72482,5,536
28373,5,536
50643,5,246
48956,5,2537
26278,5,2821
64682,4,2772
56061,5,2498
20076,5,2713
52565,4,1356
27381,5,432
39992,5,2498
41409,5,648
20084,4,674
49773,5,648
37147,5,2713
74736,5,3121
8679,5,66
6164,5,593
55729,2,3436
51538,5,2577
35526,5,593
75449,4,820
41409,5,3771
59780,5,1229
60908,5,1633
78960,5,834
71463,5,825
8606,5,2781
29063,5,2886
37636,5,648
62086,5,198
32772,5,2886
52125,5,3294
68585,5,2670
72978,5,2848
44160,4,131
76463,4,3472
40525,5,3482
69983,5,916
47636,5,1157
59064,4,2725
48920,5,1873
49304,5,3294
53123,5,1725
56125,5,246
68503,5,2462
56670,4,536
74603,5,2841
47761,4,2713
32772,5,897
39934,4,350
40103,5,2872
23466,5,1600
44160,5,3745
85414,5,3180
38865,5,3929
85018,5,445
49937,5,2086
24386,5,3731
66520,5,536
62043,5,3439
6357,5,3180
34146,5,809
82663,1,449
39210,5,2072
15572,4,536
34879,5,3185
34879,5,2831
34879,5,3657
31364,5,2462
58430,5,3472
34879,5,3371
34879,5,4040
60231,5,834
82407,5,970
82229,5,3595
62043,4,1356
39835,3,536
82772,5,445
59886,5,3595
65631,5,1481
50555,5,3595
45902,3,346
92699,4,1293
55406,5,2970
17608,5,3595
50969,4,232
8414,5,246
40984,3,280
50969,1,489
57256,5,3057
36079,5,2526
85414,5,4050
90838,5,2675
24386,5,3929
79361,5,93
18391,5,3408
58038,4,615
51572,4,2284
29820,4,2086
29820,1,1955
39835,3,953
79737,5,3313
56130,5,536
86855,5,3180
56112,5,519
56670,4,1157
4470,5,321
63128,3,156
43846,5,3482
39949,4,40
92886,3,2526
87023,5,642
67059,5,2496
52176,5,3745
16459,4,143
64934,5,615
37868,4,615
64934,5,519
27643,5,143
27643,4,1129
34146,5,642
26512,5,246
15851,4,615
47510,2,246
100147,5,1145
68728,5,567
31232,5,3595
95743,5,3049
46660,2,916
69838,2,223
64583,5,2707
94996,5,860
58339,4,834
81611,5,45
35140,5,378
86318,1,70
36124,4,3609
59780,4,2746
92486,5,3929
69927,1,3259
79466,5,970
50067,5,642
41228,3,3121
94575,5,3397
9869,5,346
100788,5,3929
100811,5,246
93444,5,3397
52640,5,1955
55729,4,615
37305,5,3609
86318,5,4018
90355,5,1721
86318,5,2267
86318,5,270
102937,5,2665
56181,5,3271
100147,4,615
29410,4,4018
52062,5,270
13796,5,2823
108231,5,3600
62832,5,2823
64625,5,2615
81611,5,1438
4470,5,3806
103809,5,3057
54643,5,736
52733,4,3913
108231,5,3595
55690,5,2987
95743,5,2836
87144,5,615
55647,5,3397
13483,5,3278
40533,5,809
52543,5,3609
100147,4,1136
56181,4,3049
100147,3,396
82994,3,3929
95743,5,3806
108291,4,834
36803,5,2509
76951,5,3294
20114,5,2555
79466,4,2498
2148,5,2056
22504,3,520
75303,5,4049
13483,5,3745
66321,5,374
52543,5,3806
56180,5,820
56002,4,2526
27452,5,3180
20214,5,246
13796,4,298
84657,5,4007
56180,5,3222
60694,5,3651
100147,5,2901
64642,1,3000
68928,5,3713
35848,5,3057
115506,4,3296
51011,5,749
83077,5,3902
26075,3,1630
107651,4,1746
98861,5,2707
35526,5,1035
64154,5,4075
37289,5,1797
9328,5,1035
86041,4,506
59064,4,3381
37779,4,3610
59780,5,1904
50445,5,3711
112429,5,2708
114974,5,3158
31499,4,3313
85018,5,1157
18391,5,2571
104600,1,3590
117073,5,567
86627,5,3032
82648,5,3158
113997,5,4050
21487,5,615
64683,4,593
113535,5,1035
104144,5,3902
115621,5,3800
86318,4,2974
87819,5,3913
41874,5,809
35848,5,3806
79737,5,4075
82296,5,167
4470,4,854
41799,3,3370
115621,5,970
59064,4,383
83816,3,2588
72093,5,860
117333,5,860
38643,5,3806
56392,4,3806
82040,5,1356
95743,5,860
18391,5,3771
12619,5,3595
33588,5,3294
41706,4,3439
85714,4,3900
36128,5,2885
39762,5,536
104082,4,2510
73138,4,536
42309,5,1904
122235,4,3009
10033,5,3451
50778,5,198
115364,5,424
34879,5,4084
123865,5,1904
116643,5,747
109547,5,3929
20754,4,3624
93095,5,3834
126037,5,2707
98867,5,536
87563,4,112
90355,5,2146
8526,5,278
120849,5,2708
110875,4,3439
57400,5,809
51292,5,609
99323,5,689
31364,5,402
109983,5,1522
39194,5,3834
102615,5,346
20754,5,3158
56002,5,2072
55578,4,834
101919,5,3929
85528,5,3472
60992,5,1581
53859,5,636
128541,4,1721
59588,5,1581
61954,4,186
13483,5,3397
85414,3,1196
128698,4,820
35526,5,2056
41228,5,2751
66246,5,3370
116900,5,3595
93095,4,630
35193,4,747
68884,3,3595
112880,5,3441
58892,5,3520
36944,4,615
117781,5,2496
91392,5,3745
10701,4,3122
55380,5,3400
101034,2,3472
99979,5,3470
4470,4,3003
95934,5,2781
20754,3,409
20754,5,2707
34025,5,2903
120976,4,648
133174,5,2553
6258,5,1356
85714,5,2886
125266,5,4034
27783,5,931
22015,5,4112
56463,5,2553
6651,5,1522
93095,5,2705
20754,5,3993
109631,5,4040
34025,5,2901
109631,5,4042
139051,5,327
66321,5,2712
10113,4,346
112429,5,2707
64642,4,2828
129333,4,2900
60260,5,931
68884,5,2238
4470,5,1578
74904,5,3180
39835,5,471
39835,4,3496
130663,5,776
67270,3,3032
67835,5,3033
44589,5,2886
64583,5,92
132407,5,749
108954,5,3370
86520,4,444
68715,4,1296
8629,4,3834
26075,5,3330
55818,5,3400
36944,5,519
4470,5,3937
95743,5,445
73904,5,2072
134663,5,1035
142613,1,2072
13483,5,445
121581,4,2788
34214,5,2528
103876,5,4052
143811,1,2963
121985,5,2129
143946,5,3868
62086,3,181
132353,5,40
131126,5,3731
37471,5,445
103876,4,1612
26278,5,3617
45833,5,445
95098,5,3731
81611,4,3600
98016,5,3525
98016,5,4110
134663,5,965
22973,5,2113
87646,4,1481
68715,5,825
104827,5,3595
128693,5,860
126703,4,1356
90799,5,3470
145673,5,198
126602,5,3408
22174,1,820
26711,5,2886
18510,5,3237
110875,5,519
67026,3,3464
51224,5,3668
4470,5,938
59064,3,2842
145397,5,632
147135,5,3397
131674,5,3397
56392,4,536
44383,5,1306
15572,4,3224
149174,5,3180
54678,4,609
74736,5,3595
148753,1,749
46660,4,1599
108681,5,290
148361,4,3595
59144,5,2885
17803,4,3760
140992,5,4007
146120,5,3595
121023,5,1725
56181,4,266
116371,5,3929
128473,5,3711
151418,5,3683
43514,5,3768
134962,5,2827
126104,5,2670
121852,5,2886
44372,3,3273
135887,5,1035
18549,5,346
92385,4,2842
129958,5,3595
100185,4,1320
102519,3,246
110034,4,514
5060,4,143
53373,2,2659
85018,5,143
133174,5,52
37636,5,519
155091,3,1106
95535,5,3370
91453,5,3929
22015,5,593
65056,5,4112
128447,2,834
104295,5,4112
10033,5,2886
153982,5,376
101823,5,93
71324,5,3064
156653,4,860
119552,4,346
86318,5,617
31232,5,3760
55850,5,617
25792,5,3595
4470,5,1073
28604,5,3954
82616,5,473
103809,4,445
127971,5,3954
34146,5,4055
152855,1,3470
145219,4,270
1535,4,3014
86318,5,2700
122175,5,2886
41531,5,1746
151679,5,280
131674,5,3916
55128,4,3595
137302,5,2885
155595,5,2886
156653,5,3010
123897,5,2087
15892,5,970
92641,5,2886
158600,5,3849
20754,5,2710
123926,5,2886
29300,4,536
118268,5,3745
133174,5,595
157760,3,567
88378,2,2707
160157,5,3929
142200,5,3470
4470,5,2815
155886,3,1904
101275,5,2695
57256,5,2815
58217,5,3401
138162,5,2576
64203,5,1035
6258,5,3400
31316,1,3180
128723,5,2781
92641,5,3900
42720,5,1035
57915,5,4065
162833,5,3470
47907,5,3470
124945,4,1356
115065,4,1356
59064,3,1662
146047,5,1746
4470,5,167
37471,5,1035
125325,5,809
58469,4,809
115621,5,2708
92796,5,3408
159645,5,2886
74904,5,3121
1535,5,2677
50551,5,3745
120849,5,3470
155091,4,1048
63128,4,3667
163986,4,2015
147430,5,2708
49499,5,2537
12481,5,558
111347,4,2886
54885,5,558
20754,4,213
64625,5,504
28346,4,2144
110875,5,456
34280,5,3357
114317,5,273
12118,4,634
76559,4,3441
157248,5,1236
65631,4,3595
144893,4,693
162888,3,1955
117781,5,632
134875,5,3683
29655,5,3057
29196,5,3787
167659,1,1035
55729,5,3057
65056,5,519
158131,4,1306
118268,4,2862
118007,5,1883
101823,4,3264
1535,5,1035
165082,5,2498
92295,5,1904
18649,5,2625
37636,5,3805
64203,5,3683
170883,5,632
167277,5,2498
59064,4,2611
171423,1,897
64203,5,834
1535,5,834
165845,5,635
96436,5,3745
147095,5,3805
52543,5,3683
41894,5,560
37636,4,3568
171345,5,3929
173674,4,280
124614,5,3470
138265,3,3954
173674,5,825
52074,5,1103
33159,4,1259
82507,5,3021
33159,3,2056
158008,3,3030
158328,5,2686
33159,4,1103
174706,5,3470
67656,5,780
170853,5,3579
25455,4,3371
174991,5,759
67719,5,4075
93951,5,4049
43083,5,3659
115658,4,2571
37636,4,3683
156842,5,4007
58619,5,3577
107135,5,2835
36079,5,342
68460,5,290
12619,1,3365
156653,5,2502
31331,5,2498
50151,5,3713
82905,5,3397
176591,3,780
175824,5,636
146047,4,820
42337,5,539
52377,5,4079
172169,4,355
166185,5,3497
87557,5,3408
142583,5,198
9869,5,2815
146486,5,3745
169969,3,3683
53609,5,3470
172169,4,1128
172169,4,3937
134624,4,4049
67835,5,2982
179133,5,1035
176615,5,632
37106,5,198
101034,5,3057
82161,5,198
56970,5,1035
180780,5,4100
181037,5,3470
56112,5,2561
174812,5,3595
141139,3,361
180956,3,3912
145451,5,860
121985,5,1236
169969,5,3470
28339,5,1157
181879,3,3929
27643,5,3161
65957,5,1873
93006,3,1035
37449,5,719
4470,5,2785
136511,5,3595
183533,2,93
121840,5,2677
158966,5,519
4470,5,2056
167225,5,3007
145960,4,565
87236,5,3656
48288,5,3180
121985,4,1945
90767,5,2930
122001,3,2086
165007,4,3286
79816,5,3470
101376,5,3230
125773,5,2727
87023,4,1296
167225,1,224
186371,5,673
26041,5,2940
134624,4,3768
90355,5,3180
173674,5,4079
95743,5,535
79877,5,3771
94272,4,690
168462,4,674
180090,4,3745
145599,4,498
72386,5,2072
50551,5,1633
176574,5,301
4439,5,301
65056,4,464
124864,5,632
155675,4,2886
39835,5,962
88733,5,2496
48288,5,3595
4470,5,3764
163241,5,519
116401,5,3595
173579,5,2015
177443,5,3023
134289,4,2129
71029,5,3595
82616,5,665
184081,5,3064
172369,5,3470
91655,5,2886
162954,1,3977
95934,4,3014
4740,5,506
185991,3,361
185721,5,324
5060,5,3166
129008,5,3888
47175,5,3441
173579,5,3180
189198,5,3180
27678,5,3166
67656,3,492
177085,3,536
133845,5,3470
96177,2,3470
187103,3,503
189579,3,3408
174121,5,3166
136147,5,3470
55166,5,3015
70082,5,3745
115758,4,962
51109,4,931
63048,4,3180
44780,5,3805
41799,5,3397
177443,5,3597
160555,5,4042
161953,4,1399
196111,5,2886
161953,5,3407
149432,2,615
149415,4,536
10033,5,519
138016,4,3180
68588,5,3595
31364,5,3470
71324,5,3166
78808,5,2625
124030,5,3166
47510,5,363
160114,5,3595
52543,5,2072
196065,5,4049
180090,5,749
121581,5,2625
129652,4,280
186071,5,464
89831,5,2791
93055,5,1236
82924,5,3470
198709,4,49
1533,5,2137
7108,5,3057
49304,5,623
127113,5,683
67656,4,615
136997,5,3730
71613,4,3180
182628,5,3579
89831,5,3294
42720,5,519
58104,5,3581
187777,5,3161
145731,4,3745
7108,5,749
35526,5,3929
39835,5,637
29405,5,4007
17803,4,181
194232,5,3704
153063,4,4018
171854,4,652
107135,5,3242
152393,5,3579
104295,5,824
75705,5,3370
22788,5,3470
189616,5,1217
152995,5,3180
137619,5,278
95743,5,3431
129201,5,1823
67395,5,2940
91453,5,3168
182809,5,3916
129652,4,632
33588,5,647
137911,5,607
111163,5,2930
187955,5,590
22642,5,659
186548,5,3285
153188,3,519
98063,4,683
126032,5,3470
91453,4,3103
117974,5,519
69838,4,256
65197,4,536
27678,5,85
35526,5,3294
125579,5,3180
56112,5,256
206191,5,4042
42720,5,2873
38643,5,561
195076,5,2137
138016,4,642
157435,5,232
201064,5,2886
186070,5,3294
1535,4,1564
47892,4,4003
69863,5,1550
200728,2,3278
56463,5,825
4439,5,3389
92886,4,634
169484,1,2886
68960,4,272
179456,4,3717
140331,5,3834
209067,5,2708
138861,5,3772
47510,4,3216
187442,5,749
137911,5,3610
125636,5,1746
59780,5,556
151638,5,2886
157306,5,3057
22015,5,3219
168087,3,2886
35701,5,1438
162725,5,2886
39547,5,314
184723,5,834
190696,5,2886
65634,4,3983
129422,4,1236
188119,5,2072
188119,5,780
209743,5,314
43216,5,3451
35093,1,601
146310,5,2267
81932,1,198
144671,5,2886
153067,5,2561
138861,4,3683
102289,5,3472
199708,5,3745
65056,4,2528
128541,5,3286
133174,4,3168
133174,5,375
162759,5,346
62191,5,2474
59780,5,2625
189616,5,3470
179133,4,445
124799,4,3591
171920,5,2462
199657,1,2267
113941,5,3470
153188,5,3286
188119,5,2886
29782,5,1612
179133,5,2939
170359,5,3687
58104,1,2698
157102,5,2727
189393,5,91
106635,4,3219
103628,4,834
214225,1,2705
82616,5,3284
33902,5,1693
106624,1,3219
74364,5,2072
178010,5,1035
129652,5,3595
145960,5,2658
153188,5,589
113894,5,749
199213,5,3687
189579,2,2531
29782,5,376
4470,1,2712
163120,5,3180
126032,5,975
42651,5,3351
165933,5,2708
177435,4,3293
120566,3,361
81611,5,2708
38281,1,1662
65056,5,779
117074,3,3339
86520,4,524
209603,5,3570
58407,5,3397
65056,5,524
126032,5,1524
79180,4,3470
153188,1,1204
104295,5,782
173579,5,3161
197411,4,2072
29196,4,605
8688,4,2633
104295,4,2645
153188,1,583
207478,5,2969
158131,4,3595
162826,5,612
68460,4,2582
37449,5,3370
174547,5,3711
82616,5,3166
54271,5,1035
5060,5,3459
11297,5,1581
81334,5,2072
59780,5,615
104472,5,436
168462,5,2267
124249,5,2072
82616,5,615
53932,4,2533
186575,4,3929
118840,4,536
36128,5,2267
191990,5,1904
126032,5,557
27060,5,3313
218516,1,536
62043,5,825
218516,4,3668
173579,5,3017
85713,2,2100
205428,5,536
97579,5,1151
224740,5,2708
42720,5,2129
39754,5,642
146783,5,3182
146486,5,3161
103876,5,1217
156691,4,3014
65197,5,3910
215260,5,2886
223926,5,536
145797,4,2965
20754,5,3055
184081,3,2886
207907,1,1075
223882,4,3400
212021,5,536
67403,5,975
95743,5,2815
227108,4,2015
91724,5,197
73951,5,636
132010,5,3057
17803,3,3378
225179,5,1217
164182,4,2614
209983,5,3378
54023,5,3397
148618,5,860
196296,5,854
126032,4,483
195423,5,3812
171321,5,970
83093,5,3161
97895,5,3626
65056,4,3159
29418,4,615
190112,5,3397
230714,4,3595
110135,5,536
62675,4,860
22015,5,46
85873,5,1356
56112,4,1079
136147,5,1356
188744,5,4065
67656,3,3929
228241,5,314
133174,5,456
42058,3,3980
233319,4,820
229283,1,467
196369,5,659
231160,5,3370
233044,5,860
58762,4,3161
124249,4,3837
21297,5,2267
176615,5,464
55205,5,3470
60260,5,1861
234244,3,2614
76074,5,2886
232898,5,1832
73836,5,432
225605,5,3368
174547,5,3436
174547,5,203
225903,5,2267
110905,1,3400
208753,5,749
162158,5,3397
180090,5,3610
153919,5,3295
59780,5,3470
59780,4,2814
119466,5,4075
67656,5,749
177219,5,3000
125677,5,198
64032,5,3929
29014,5,3800
221044,5,749
167242,4,2032
111336,1,693
105262,5,2708
174121,5,693
42217,5,1267
194993,5,3602
47892,3,277
142361,5,3846
184723,5,2762
107135,5,2526
52282,4,2329
115805,5,3180
158813,4,2072
164368,4,3595
128447,5,3470
64625,5,3892
223169,5,3390
142200,5,749
171854,5,2496
209318,4,290
140132,5,506
37449,5,860
98063,5,3710
56986,5,456
124249,5,342
215765,5,536
96177,5,2425
146310,4,2658
65056,5,3687
227652,5,632
212379,5,3368
111347,5,1438
35635,5,2973
223651,5,916
227039,5,3284
78848,5,2498
112411,5,1267
133853,3,3805
59780,5,3713
11461,5,3470
242167,5,590
189616,5,536
169850,4,809
92335,5,2164
131807,5,3470
209718,5,3233
183098,1,3470
244897,5,3441
65414,5,2895
219291,5,3470
233775,4,2576
6258,4,2519
189616,5,1356
68884,5,3441
160974,5,1721
185991,5,544
95044,5,3441
67656,4,2518
188119,5,749
58210,4,3470
48107,4,615
242006,4,2553
153919,5,2625
95743,5,365
161717,5,3441
237154,5,2267
74652,3,3470
246367,5,1035
123871,5,536
202661,5,3900
126106,5,3470
188119,5,3656
188119,5,3103
4439,5,536
188119,5,3284
246399,5,2498
193103,4,1317
104295,5,2509
236556,5,536
29300,4,3565
148226,5,665
232480,2,4065
86604,1,2496
165855,4,3470
246367,5,2238
146486,5,3470
72017,4,536
163148,5,3470
56463,5,3472
225573,5,601
222139,5,3849
157425,5,339
95312,5,2930
235751,5,170
41894,5,3161
203607,5,3805
58852,5,1042
258050,5,198
193789,5,3713
193710,5,3470
227039,5,2886
105963,4,834
257358,5,749
101732,5,2498
73836,5,3470
65197,5,3180
54067,4,860
203325,3,3470
213699,5,3954
65197,5,782
186487,5,2496
221978,5,3308
196296,5,1797
148068,5,3471
179256,5,601
257391,5,2086
229619,5,2670
227130,4,1162
248772,5,3731
190230,5,318
131500,5,2582
65720,5,2498
214911,5,378
198940,5,3616
64631,5,1236
165263,4,3983
209747,5,512
58104,5,512
2312,5,3567
53368,5,3841
107140,5,3313
155311,5,519
205983,1,4080
245866,5,2781
239694,5,860
105816,4,3595
186802,5,3795
173579,4,1042
209255,5,243
236606,4,3180
109110,4,617
58836,5,1035
144204,4,3565
53932,5,558
235198,5,2781
197023,5,544
222433,4,860
190628,5,4075
110210,5,3470
49168,5,3975
29782,5,240
46134,5,1904
138583,5,3313
108488,5,608
271221,5,2695
188415,2,1196
148068,5,3286
47907,5,519
177392,5,3397
53123,5,3795
174991,5,2498
133423,5,3595
179232,5,4075
222836,1,2819
214855,5,3642
9869,5,1157
232480,5,3470
98919,1,834
29782,5,1129
168462,5,3581
90086,5,203
173579,4,1317
197023,5,3723
180904,5,1157
120471,4,674
180952,5,378
236470,5,94
133174,5,3983
103876,4,1317
101732,5,3581
246478,5,3976
189616,5,3623
65197,5,1660
129333,5,1861
38218,5,3900
247241,4,658
237533,5,3929
145960,5,2713
189500,5,615
253974,5,1873
186070,5,3929
157102,5,3954
282066,5,2474
99624,5,4042
175727,4,536
174547,5,167
244815,5,860
244815,5,3782
131674,5,2498
68884,4,1317
278113,5,3559
222139,5,3470
178220,5,2708
188119,3,3436
274065,5,3368
246344,3,2670
59780,5,2973
276833,5,2856
104295,5,632
156653,5,1236
101919,5,3470
281132,5,3444
22015,5,2496
101376,5,3780
196322,5,607
175481,5,2496
125773,5,1317
224367,5,82
268254,5,1356
25356,5,4075
205100,5,992
121690,5,561
64625,4,565
269899,5,3057
64203,5,2164
37305,5,3691
289109,5,749
278184,5,3470
289292,5,3800
216321,5,342
83314,5,3595
289109,5,4042
27678,5,109
163112,4,2155
191533,5,1693
37072,4,1157
43642,5,3180
225372,4,2678
187507,5,4075
215898,5,2137
199020,5,2708
2310,5,1133
95214,5,2615
284922,5,84
288693,1,1157
230258,4,4000
185684,5,2496
246367,5,2496
200974,5,3470
236959,5,1356
137911,5,2708
237201,5,456
98828,5,1873
209942,5,4075
222564,4,3834
53932,5,897
124249,5,860
37305,5,1940
235355,5,749
184723,5,2496
56087,5,2885
287087,4,1100
134624,4,1246
208455,5,3441
124249,4,2164
152021,5,2708
182312,4,2814
268644,2,1127
125458,5,375
135271,4,459
109547,5,2496
16777,5,2496
183684,5,860
169017,1,665
254614,5,3623
106624,1,2496
55850,5,607
29014,5,2886
75726,2,567
299463,5,1249
158446,5,4042
211457,5,749
107135,5,653
69161,5,3503
109855,5,3043
199657,5,1151
54678,5,825
222478,5,2068
121023,5,3929
139381,5,3168
125325,5,2574
53932,5,346
101732,3,3929
288693,5,916
22015,3,563
22015,3,2622
175492,5,932
151325,4,484
175727,4,2841
140806,5,4052
227039,5,1557
52262,5,2496
297274,4,4110
227652,1,736
304375,5,1356
254614,3,2743
267574,5,2267
219618,5,456
168922,5,3470
227607,5,749
27678,4,3728
175492,5,2950
226288,5,1356
288143,5,2496
247241,5,546
199953,4,536
222055,5,2267
189616,4,3837
101823,5,3431
67738,5,561
285051,5,2496
175492,5,2960
226863,5,2901
129255,5,2387
229619,5,2648
229619,5,496
80087,4,3782
47559,5,3401
226863,5,749
215000,4,3146
215000,4,1267
157425,5,938
215000,3,170
215000,4,520
185285,5,2973
125356,5,2891
306333,5,1133
230258,5,4007
29196,5,3720
168423,5,1035
304561,5,2496
86318,3,4106
111347,4,834
224235,5,2982
164182,5,131
291164,4,3782
251917,5,2072
315077,5,2496
220153,5,3626
229052,5,3351
53932,5,2708
164182,5,736
188415,4,3496
40152,5,2072
140992,5,2677
55523,5,4007
57222,4,825
40114,3,3838
88099,4,2959
222478,5,690
157425,5,1522
241579,5,346
128473,5,2841
213705,5,2885
173579,5,860
65720,5,689
158375,3,548
204628,5,777
19166,5,2677
86072,4,2710
294000,5,4075
34122,5,3359
20754,4,2526
175405,4,175
262353,5,3929
237655,5,3745
308858,5,2072
173783,5,2072
27416,5,3294
20754,5,408
217867,5,1528
121581,5,3180
297076,5,3184
131674,5,543
269331,5,3368
168087,5,2496
221617,5,3929
203717,5,2647
203717,4,3008
150497,5,2072
131674,5,376
149002,5,2891
60124,5,916
219352,5,2708
129177,1,2708
283787,5,2137
82616,5,3180
224930,3,376
203717,3,1719
176615,4,705
154809,5,4075
185442,5,1356
129652,4,2781
219733,5,2496
124249,5,2496
240668,5,2496
201614,5,3397
107135,5,278
284922,5,1136
5060,4,3103
175803,5,2708
110654,5,4084
254415,5,2137
169302,5,512
86318,5,435
131349,4,3062
120121,4,3184
58636,4,376
54697,5,3397
74987,5,2137
142367,5,2576
176615,5,3027
192809,5,432
198940,4,2238
5060,5,3168
251917,5,3472
305531,5,2800
204153,5,749
236470,5,776
179827,5,3900
201614,5,376
187705,5,749
173579,5,3294
206101,4,536
267241,5,2579
283390,3,2797
141569,5,1870
64918,5,2652
231495,5,809
64642,3,3595
218516,5,1693
56002,5,2686
115658,5,3745
98919,5,3397
137911,5,3180
11297,5,3168
283390,5,2724
191050,5,4075
56463,5,375
23424,5,2885
219942,4,1746
211184,5,1940
307059,4,1699
104295,5,749
316453,5,346
278639,5,689
184723,5,519
142559,4,2144
248206,5,749
329251,5,860
3205,5,860
257506,5,749
264230,5,2708
222696,5,1438
19166,5,3579
205100,5,3370
13483,5,2496
31316,5,3598
59780,4,1106
329618,4,3470
165308,1,595
148715,5,2496
337472,5,860
165933,4,1356
329554,5,3397
249893,5,2496
75497,3,2859
267665,5,2708
148715,4,2886
216320,5,3860
253131,5,432
38745,5,2498
344716,2,1322
284266,5,2364
250440,4,2708
215062,5,3711
227607,5,3805
199953,4,175
297540,5,1133
184400,4,4007
276502,5,2072
234771,4,2886
49414,4,3470
101732,5,2920
130133,5,2462
284922,5,536
96177,5,2498
255186,5,3805
86318,5,2872
34834,5,3929
82616,5,3782
280529,3,809
78682,3,536
52125,5,519
249657,5,1600
333374,5,4032
226134,5,3184
64154,4,536
152313,1,536
209942,5,3368
324621,5,693
90767,5,809
255338,5,916
296790,5,324
319738,4,809
34357,5,749
38643,4,3441
227024,5,860
230771,5,3161
64642,1,3183
107890,5,3559
201762,5,2496
340847,5,3470
142464,5,2496
175124,5,456
289319,4,834
335428,3,2164
356738,4,749
107504,5,271
53171,5,3037
199198,5,2537
50002,5,270
313167,4,820
52125,4,1356
137815,5,3436
98812,5,693
215000,3,3576
185142,5,2498
192974,4,2835
213003,5,1600
46630,5,2886
226989,1,4010
222564,5,3222
54678,5,3902
253370,5,2267
202661,1,916
172114,5,3782
356992,5,3470
187128,5,2537
119549,5,1356
105601,5,3582
166711,4,2535
30209,5,2498
142463,4,3470
221351,5,456
188119,5,2814
345915,1,1151
194702,5,2496
297076,5,3092
337657,5,3294
84272,4,3745
229619,4,3609
296809,4,3846
177135,4,2496
8688,5,648
163350,5,3470
362213,5,2056
225752,5,3687
230258,5,2496
143721,3,3764
254415,5,2496
83093,5,3846
5060,4,3376
127600,5,3595
57003,5,632
269891,5,2886
175824,5,2708
131057,5,3805
48263,5,3560
321651,5,3470
199848,5,3092
304631,5,3092
80980,4,4018
371738,5,3286
337657,5,607
275316,5,324
67270,4,1746
230258,4,3683
35140,5,3425
222478,5,4063
378632,5,2708
186674,5,749
288618,5,2708
176615,5,2772
41894,5,2267
362522,5,3378
35526,5,506
302094,5,3294
251626,5,2267
57787,5,3730
136997,4,860
47335,5,4075
359220,5,3470
233468,5,460
304222,4,1249
387708,4,3163
337978,5,3370
283390,4,492
29667,3,536
168462,5,4075
268272,5,2498
91283,5,820
82994,4,650
2310,4,3470
84038,5,3713
145489,5,378
244264,5,2677
109353,4,3713
258819,5,360
199657,3,4002
312577,5,232
115108,5,246
165263,5,2498
376098,5,3180
289319,4,647
302293,5,2731
100026,4,3860
345756,5,4075
138861,5,243
214008,5,2496
381040,5,2498
315635,5,2886
224013,5,2496
387688,5,2886
93911,4,4075
199792,5,2496
317696,5,3201
181792,4,834
372791,3,3294
284922,5,3687
257498,5,4007
124404,5,1157
223896,5,3258
163687,3,3225
289319,3,2543
112489,5,2754
242205,5,3201
225733,5,2708
103876,4,246
67656,5,2189
300082,4,4052
184905,5,3582
176949,5,3436
173314,5,3470
315989,5,2886
143308,5,4075
70903,5,4003
36919,5,2267
118684,5,3094
405691,5,4065
342459,5,2267
347879,5,437
170628,4,2189
337161,5,2886
343261,5,2496
131674,5,2781
366104,5,3745
203111,5,4075
154588,3,3027
192581,5,519
278516,5,2815
180090,3,860
114317,4,2496
142361,5,4075
279623,5,2987
89831,5,3205
84657,5,4075
222564,5,3616
142629,5,2267
312967,5,4050
279240,1,3313
187281,5,3451
133174,5,4075
356130,5,3094
412770,5,2267
115658,4,3205
378488,5,3049
310178,5,1356
118163,5,2708
37107,5,3180
43327,5,1236
65510,1,3285
312577,5,3180
230557,5,3940
335737,5,4108
414701,5,1035
125524,5,4075
223651,5,246
164293,5,2498
333017,4,2713
176615,5,3983
400420,5,246
211184,5,3595
13796,5,93
273358,4,719
211679,2,932
37107,5,2056
186071,5,2496
131021,5,3161
170100,5,2886
357389,5,3595
416684,5,2767
163241,5,1293
302961,4,2886
61121,5,3570
286851,4,3470
175727,5,2677
391048,5,2708
106501,5,1035
39301,2,246
152991,5,3168
219167,3,2652
153188,4,2713
4470,5,3902
28345,3,519
353579,5,198
37036,4,690
231198,5,4075
199198,5,3888
308889,4,3713
59686,5,1151
211679,5,2679
176160,1,3620
411573,5,3439
51011,5,1236
345915,4,3049
29782,5,1136
241140,5,2652
121992,5,1832
153188,4,971
424741,5,84
279698,5,3929
223651,3,3595
192972,5,3975
400420,4,2267
128473,5,2496
173880,4,3731
96177,5,279
307059,5,3168
326051,5,3180
169430,5,185
399336,5,2496
181231,3,1136
419585,5,1356
336025,4,3790
368300,5,3057
433613,5,3451
321555,4,3900
53932,4,565
227652,5,327
393923,5,3470
142200,5,3975
414923,5,3370
231661,3,670
101823,5,3595
432099,1,3451
373006,2,2519
433613,5,3579
37873,4,198
105440,5,2537
366487,3,3470
94243,5,2496
206101,5,2496
201972,4,2708
230020,4,3470
192951,5,2791
275124,5,4040
59064,5,2690
438534,5,352
87478,4,2496
143721,1,3847
107583,5,114
176481,5,2708
415204,5,561
140132,4,3722
65197,5,2111
295704,5,3451
39754,5,3064
157248,5,607
198129,5,2712
336123,5,2111
282843,5,1356
398694,5,3370
304222,5,4075
57042,5,3921
31521,5,636
359051,4,3616
289412,5,607
415204,5,607
233583,5,647
423083,5,4075
57042,5,3595
302094,5,2611
361041,5,2983
88378,5,1438
284695,5,2708
421336,5,3094
34610,1,1133
212758,4,3805
355885,5,3180
220234,4,3598
204118,5,92
246344,4,3168
182304,4,3745
383346,4,2814
67243,5,3900
107890,5,1438
419596,5,3180
318571,5,198
299531,5,280
445711,4,2238
4470,4,3624
420136,5,3166
8688,5,2496
391048,4,3370
352814,5,3581
141688,4,2496
350750,5,3180
280271,5,400
120108,1,3370
1535,3,2707
39654,5,1356
65634,5,2862
56087,5,1267
452019,5,3479
399857,4,3049
128473,5,3579
234771,4,3954
237655,4,3180
380081,5,647
126440,5,4007
191534,5,3860
305523,5,975
53932,5,3598
244365,5,2772
378493,5,3888
128447,5,1599
260475,5,2496
418915,4,1293
152313,3,1438
403028,5,2791
60989,4,240
383557,4,1832
175727,3,3294
57101,4,435
56061,5,62
231736,4,3135
404679,4,2886
313633,5,3441
67103,5,3194
456158,5,3846
234003,5,493
420929,2,2957
429769,5,4050
91392,4,318
185113,5,3166
375111,5,1293
50969,4,897
452699,3,683
392230,4,2595
222564,4,243
327989,5,2496
251626,5,1438
336177,5,2072
251626,4,3713
54678,4,2988
315986,4,536
227652,4,1157
174711,5,3115
72254,5,2574
47907,5,2772
235355,5,3713
464842,4,930
454675,5,198
292256,4,2267
310518,5,2496
397272,5,860
59921,4,536
445654,5,3579
432668,4,3479
217226,4,1438
355885,5,314
246844,5,3786
257752,5,2772
27443,5,3743
232669,4,673
52262,5,4075
114882,5,2611
416807,5,809
457108,5,346
246878,5,3166
30893,5,809
362983,5,607
183968,5,2496
173880,4,2731
17803,4,3370
172369,5,2886
215898,5,3525
457108,4,3805
271911,5,2072
133174,5,2804
111075,5,271
191050,1,860
349458,5,2695
134289,5,3925
215350,5,2767
160331,5,693
402559,4,1217
291235,4,860
175124,5,62
460969,5,2496
125640,2,2856
58836,5,2677
70793,5,59
53932,5,648
199953,4,3888
284180,5,198
380081,5,2267
326787,5,2844
197244,5,2537
6258,3,1883
366487,5,2496
365274,4,2708
238201,5,3470
271221,5,2670
302283,5,2708
440112,5,2708
67403,5,860
224088,4,314
78917,4,3381
157136,5,3470
232886,5,2677
13593,5,2110
152393,5,2788
101376,5,2886
372163,3,4078
457600,5,2496
134240,3,3370
60989,5,2886
340130,5,4052
463640,3,3595
385678,5,62
192974,1,4009
55221,2,536
160974,5,2677
366487,5,3595
359940,5,3929
93095,5,2713
234062,3,156
93095,5,3158
312206,5,3595
196592,4,3591
280605,5,1438
165169,4,3929
136813,5,66
192264,5,820
223979,5,3884
29063,1,4052
451456,5,2814
478175,5,2496
340438,4,240
124249,5,546
282727,5,2496
20480,5,876
344231,4,2537
185446,5,647
370447,5,4075
485728,4,280
423494,4,3570
457992,5,3180
27702,5,1356
173314,5,1593
33159,5,3782
300920,5,3745
348402,5,2708
304705,5,3180
285039,4,1306
472215,5,2821
386744,5,916
350769,5,62
283773,4,3570
445711,5,3180
225722,5,2528
90324,5,2930
338515,5,2886
274913,4,3977
322623,5,607
417554,5,2496
65720,5,473
288146,4,609
236470,5,2925
55523,5,632
170359,4,2695
326084,5,2238
446143,5,2543
350812,5,4065
447165,5,1600
384270,5,4075
31436,5,3470
56002,5,2791
149075,5,3482
362734,5,3149
169430,4,3006
85873,5,2930
169430,3,514
55406,5,3397
199657,4,3608
294000,4,2056
319847,5,2885
254614,4,3608
447921,2,249
327938,5,2561
497410,5,456
310668,5,2886
494919,5,3351
456679,5,3954
169430,4,464
101376,5,2496
496594,5,860
358796,5,1904
1535,5,2781
187987,4,3014
358974,5,1522
353491,5,2137
474646,5,3470
324621,4,92
481065,5,825
474155,5,2495
242779,4,112
49168,5,2707
402559,5,4049
302094,5,773
186855,5,2072
111520,4,634
464253,5,632
278140,5,2072
20084,5,2901
95241,4,2284
221044,4,607
4470,5,719
194611,5,2886
282379,5,1035
281399,5,2781
75497,4,3323
362734,5,2781
56061,5,2684
308183,5,3687
465829,4,580
504925,5,2923
464327,5,749
334010,5,2496
363813,5,3595
104295,5,3782
393923,5,3595
463858,4,3797
247780,5,2886
375111,5,3900
64667,5,495
262200,5,1356
182010,5,346
453828,5,2498
98722,4,3387
509887,5,2496
40377,5,2885
105601,5,2238
227652,5,3103
402698,4,809
402252,3,2496
416864,3,2496
229187,5,2498
242818,5,2072
352005,5,1229
512696,4,2886
324733,5,2537
398694,4,2137
227024,5,3560
336540,5,2886
286566,4,580
244815,5,2113
329671,5,2708
104295,4,2015
217482,5,605
263513,4,3579
137911,5,3166
466582,5,346
402698,4,3616
497152,5,860
153188,5,685
519903,5,4042
141610,5,3568
412888,5,632
455539,5,3929
329187,4,3846
65957,5,2072
121985,4,2708
139381,5,3568
521933,4,240
128646,5,2496
202661,5,3436
327938,5,2496
232311,5,376
56003,5,62
283804,1,3069
479072,5,3333
233238,5,632
169169,5,3436
365429,1,1595
113894,4,3745
392739,5,418
490843,5,2677
327281,4,2678
186979,5,3464
513294,5,2708
293924,4,432
216320,5,3877
497152,5,2496
167534,5,647
105963,3,615
449702,5,3180
32747,5,4007
124196,5,2677
51717,5,780
249519,5,632
116429,4,558
425677,3,676
410727,4,2496
283350,4,3805
239028,5,2496
159084,5,314
218859,5,607
242250,5,2633
363806,5,3133
457690,4,3198
313152,4,3954
463498,5,1151
387367,5,2496
329638,5,2498
265954,5,280
343028,5,2762
94769,4,3470
232886,4,3668
226066,4,3745
104295,3,2684
245017,5,352
283390,5,546
312577,5,1438
131674,5,648
5060,5,3745
347822,4,3400
245871,5,2496
456108,2,1356
227024,5,3889
500148,5,4065
317267,4,376
358698,5,432
421374,5,4050
322707,5,2496
425677,5,616
331817,4,749
517157,5,3180
450571,5,3380
451643,5,3595
359051,4,3370
253476,2,2496
13796,5,2364
291344,5,1522
259154,5,2886
11297,5,84
232190,4,749
200115,5,2886
62005,5,3408
167003,5,3180
174991,5,3860
222696,3,3451
481494,5,3782
494607,5,2496
107583,5,224
111520,4,1524
359533,4,632
210406,5,2072
377712,5,820
207157,5,607
74281,5,3595
249657,5,3745
461552,4,2137
289510,5,543
414666,4,3431
351578,5,432
247927,5,3009
324136,4,1602
218516,5,3166
223979,5,3115
281871,5,2496
254614,5,3009
455163,5,1861
278113,5,3397
521359,5,3166
179880,5,860
394077,5,2886
227652,4,749
81611,5,736
352538,3,445
143282,5,2146
357293,5,3351
241130,5,749
462636,5,2496
93911,5,432
175574,5,3609
497938,5,4075
307214,5,2652
414776,3,2885
284904,5,3180
196080,5,2886
27961,5,607
36187,5,719
431785,5,198
358796,5,1129
188119,5,432
140132,5,2496
283251,4,62
340130,5,464
32143,4,958
333017,5,2708
17803,4,719
451691,3,2791
336058,5,3397
493276,5,2886
342468,4,3745
188792,5,278
254614,5,2844
307454,5,607
267853,5,3166
171084,5,2462
366118,5,346
156034,4,3392
190441,5,860
257993,4,507
521129,5,2496
97780,5,2767
163112,5,3759
228458,5,2781
494867,5,3877
134289,5,2708
446143,5,2862
138429,5,647
125640,5,4096
289319,5,3929
467565,4,671
433588,4,2496
212359,5,2889
90295,5,2663
301143,5,1600
133174,5,3370
64642,3,2668
68460,5,544
230557,4,2267
6406,5,749
270514,5,2708
199198,5,2072
256411,4,1157
36128,4,2814
344938,5,3397
352814,5,3579
480935,3,3579
277462,4,860
270514,4,860
445492,4,4075
247362,5,2708
285039,5,607
104295,4,647
145489,5,749
305702,5,3579
437983,5,860
222076,3,2886
53932,5,343
64780,5,165
206861,2,3929
189160,5,632
217867,4,178
447742,5,3782
486888,5,4004
327249,5,2885
133174,5,3687
455163,4,897
473377,5,2886
101376,5,547
174740,5,2496
158446,4,3285
268058,5,860
56003,4,2712
190688,5,2496
57101,5,3610
326787,5,2561
37779,5,3470
446143,5,3787
438204,5,3308
176615,5,2496
394592,5,2267
96436,5,2886
52283,5,2502
343228,4,3954
232823,5,3888
314785,3,3009
195589,5,3470
135887,4,2886
519838,5,3595
78128,5,3370
227652,4,3745
519057,5,4065
506426,5,749
169166,4,2713
66549,5,3180
231507,5,607
9869,5,3418
1535,3,1438
329618,3,3090
295741,4,3929
46660,4,536
170275,4,456
437727,5,607
223979,5,543
49879,5,3582
68526,5,3082
136997,4,760
357506,4,3928
37036,4,3090
399576,5,3520
204153,5,3380
310109,5,3579
336540,4,3370
297076,5,3400
226596,5,3470
495568,4,3806
487909,5,3595
93997,5,2886
232823,5,1873
233588,5,3805
269521,5,1042
357293,5,2886
203823,5,1236
468015,5,4018
452606,4,4065
449748,3,3763
405126,5,749
220348,5,3180
230102,5,2767
330805,5,2496
199657,4,567
507592,5,3595
168462,4,142
316610,5,3595
68710,5,3929
43505,5,2886
226372,5,3446
230102,5,3782
275207,5,3925
100856,5,2886
433588,5,3056
465062,4,3451
332281,5,2496
59064,5,556
111291,5,3470
257341,1,3010
26313,4,2886
482376,5,3470
297540,4,3161
394592,5,2509
138861,4,1267
303990,5,3470
389431,5,860
467541,5,607
129041,5,4108
137854,5,2615
430205,5,191
162826,2,1446
254415,5,1904
121178,5,3470
402559,5,2496
74281,4,3470
30503,5,648
220023,5,2713
220023,5,2622
434697,5,1873
93911,5,820
222696,5,3975
404046,5,1236
209831,3,3966
373245,5,3431
404988,3,536
201584,5,3579
232669,5,1423
1535,5,1423
190421,4,3470
203674,5,3595
92886,4,4100
139513,5,607
55589,5,647
146486,5,2498
358015,5,2496
217482,5,2496
35106,3,2885
346662,5,1423
189280,4,648
377039,3,2056
500671,5,3514
166294,5,647
337963,3,916
229524,5,3470
314769,5,2496
368868,4,2791
222970,5,2973
193912,4,2496
219942,5,2056
283483,5,3470
56463,5,3567
207375,3,2886
93951,1,2254
135566,4,581
94168,5,809
401688,5,4042
457829,5,3470
487233,4,1035
487233,4,3441
73951,5,2537
425105,3,820
217226,5,2886
223854,5,615
394288,2,3782
169712,4,3470
469723,3,2963
396955,5,820
99221,5,2886
423494,4,3470
105988,5,2496
447165,5,3636
500790,5,2072
366559,5,607
64667,5,2537
174991,4,693
248647,5,3092
179244,5,2886
5060,5,2772
195175,5,3929
380466,5,3470
389408,3,3166
21399,4,3092
97780,4,3470
156034,5,3579
223441,5,3805
200930,5,3577
230460,4,3180
299418,2,3092
130886,5,2509
140132,4,2708
35106,3,690
128447,5,2781
54572,5,2583
263513,5,3180
126104,5,2886
85776,5,356
323389,4,3595
146310,5,2496
353205,5,3066
352271,5,175
335269,5,558
98919,5,671
352271,5,66
271318,5,3470
238390,3,3472
30298,5,62
238390,5,3470
171328,5,2509
278093,5,4050
185285,5,2364
236750,5,4007
352271,5,297
335571,5,2267
491437,4,2495
348803,4,2056
124249,5,3780
340130,5,519
30197,5,3470
164913,5,3092
399336,5,860
182010,5,351
159559,5,647
135470,4,3180
418915,5,2498
111678,5,4050
71639,5,3877
508844,5,2267
170220,4,4065
426331,5,2583
183648,5,634
346398,4,2509
174096,4,346
40620,5,2670
153188,5,665
212359,5,3333
352814,4,3441
407007,5,4050
369715,3,519
71034,2,2789
85662,5,4075
29014,5,689
402279,5,4065
250433,3,3286
324390,4,3082
75681,5,2582
446143,5,123
291292,5,2498
308765,1,3713
369715,5,2498
278113,5,2498
268464,5,3713
156951,2,232
340130,5,4059
125773,5,2498
106105,5,2498
418366,5,3057
281098,3,3595
315301,5,142
180898,5,3900
521527,5,2498
53002,5,2583
357323,5,62
294000,4,2937
196369,5,860
363848,5,2498
13011,4,3683
260975,5,142
20754,1,2775
113509,4,2583
405626,4,3470
239758,5,2072
363848,5,3368
281098,4,3929
185285,5,3713
345387,5,2537
384088,5,2498
498227,5,607
318235,4,3913
178738,5,2913
80980,4,2751
64642,1,3057
164610,5,3049
337668,5,3713
368897,4,3121
344069,5,1246
335284,5,1356
397915,5,4075
335713,5,2886
153188,3,108
316396,5,4075
437991,5,3549
248023,5,3868
178010,5,601
164610,5,2925
463763,5,747
178738,5,3921
427743,5,2496
113941,5,142
376098,5,3874
400708,4,232
359717,4,3470
94655,4,3900
302094,5,2086
257993,5,2886
357323,5,2886
302618,4,3745
4470,5,351
142361,5,4050
302618,5,3037
253146,5,3436
302094,5,3094
119353,4,4050
360437,5,3470
411567,5,1236
106624,5,3094
227024,5,1293
140132,3,3472
286209,5,607
192972,5,154
51931,5,1904
209154,4,4075
134624,4,3868
275438,5,4075
378488,5,2674
104295,4,378
122001,3,3842
376098,5,4075
65803,5,809
305593,5,3397
218535,3,2886
463502,5,4075
169969,5,142
303162,4,3503
512309,4,605
165841,5,4075
193014,4,376
262357,5,3180
92886,3,2267
206377,4,3496
282215,5,2086
250427,5,2146
258223,5,1904
381574,5,2903
217898,5,2496
309630,5,3900
133174,5,3559
153188,4,3520
26290,5,3370
444534,5,246
446143,5,3376
420929,5,607
108892,5,2496
250031,4,2862
452576,4,3713
1676,5,3771
478964,5,246
407007,5,4075
48107,4,2835
49918,5,1293
29667,5,3470
437767,3,58
283251,4,2393
134127,5,3470
345731,5,2496
240552,5,4075
388414,5,4075
228156,5,4075
232933,5,198
520092,5,4050
479072,5,3470
416848,5,607
233801,5,519
140132,5,3470
476592,5,3579
196038,5,3294
140132,5,3595
58852,5,3568
140132,5,246
373083,5,647
499114,4,3313
219167,5,3806
98761,5,3929
140806,5,2886
361931,5,3900
222564,5,607
420301,5,4007
173579,5,376
394955,5,1293
286851,5,3180
153188,4,3296
26313,4,3470
113941,5,1293
178452,5,3687
139541,5,1293
400420,5,4075
242007,4,3470
259989,4,3470
286502,5,916
520150,4,519
82737,5,246
312577,5,2695
39301,5,3470
425677,5,167
173838,5,2695
456914,5,2496
234062,5,2872
153188,5,3497
230102,1,4084
281628,5,965
65768,3,471
353492,5,3470
279367,1,3470
271347,5,4018
333545,5,3595
111739,5,2496
329753,4,2990
359238,5,3595
208902,4,1873
370332,5,916
4601,3,3408
229524,4,607
187373,4,1356
486718,5,3470
297859,5,2496
215014,5,2496
179270,5,4007
219167,5,432
504438,4,2072
262200,5,3983
95743,5,3805
55773,5,3470
438097,4,3402
307159,5,4042
249836,4,3728
140132,5,601
95743,5,551
362919,5,3471
456116,4,607
503290,5,3900
143721,5,607
103628,5,647
451700,5,777
500860,2,376
365507,5,1236
480935,4,1600
188215,5,2677
46849,5,3180
500148,5,2072
185285,5,3168
513784,5,142
48902,5,693
187442,4,3459
105692,1,1438
95743,5,3602
45057,5,2772
112818,1,3793
126435,5,3595
180904,5,3900
157167,5,2364
99979,5,142
107651,3,2121
394085,5,114
513585,5,3470
252849,5,512
452940,2,3570
206722,3,632
489552,5,3470
473149,5,2496
90086,5,110
229524,4,2708
33159,4,747
88378,5,2141
250440,5,860
293971,5,2663
314792,5,66
142559,5,3595
241948,5,2708
387646,5,2496
235074,5,2886
204024,5,626
174991,3,252
392739,5,2713
58075,5,1423
122001,4,3782
4470,5,278
166294,5,930
311926,5,1873
125640,3,1100
153919,5,2221
230860,4,780
455539,5,2561
101376,5,3162
164913,5,916
54678,4,607
421895,5,3470
265114,4,916
363393,5,4050
92886,4,777
231014,4,2501
86520,4,1048
81177,4,4065
201064,5,2496
194953,5,1832
121354,2,142
5060,5,2495
385999,5,2708
407812,5,4007
345297,1,689
38182,1,356
387736,5,2364
41370,5,2496
380358,4,3503
4500,4,4085
39713,3,693
176615,5,1355
259997,5,3470
200655,5,2930
423778,4,3056
399932,1,543
125766,5,2496
173306,4,3470
101823,4,3056
168462,5,3446
496829,5,860
55578,5,167
130219,5,2663
166294,5,3180
441443,5,2886
137838,5,3285
437237,5,506
442862,5,3439
362202,4,2496
478451,5,3180
362542,4,2496
508949,3,3049
446143,5,685
148361,5,2708
240449,5,4007
363063,5,2496
142367,4,632
162826,5,58
106797,5,3776
504973,5,2137
232933,4,1157
90633,5,558
464080,5,3623
336711,5,2886
446143,5,777
185285,5,314
74281,5,2496
255179,5,2056
242188,5,2901
373817,5,2496
331918,4,809
236470,5,3588
504753,5,2677
39782,4,3408
15417,4,1133
228978,5,3687
58836,1,3368
233920,5,2364
30382,5,2625
324621,3,2509
442862,5,665
454052,5,2537
44383,5,2056
421374,5,2677
199953,4,1103
142361,5,2496
124799,5,3809
168069,5,3294
464253,1,4007
503916,5,2496
464080,5,615
356062,5,676
454149,5,2708
385836,5,49
385999,5,2537
169774,5,4018
429104,5,4100
185142,5,1522
407338,5,3179
384041,4,1881
137050,5,3470
172861,5,3888
175985,5,3010
59588,5,2886
175727,2,232
85322,5,3370
56003,4,930
53932,4,2755
438003,5,3305
55756,3,3472
50969,4,747
467741,5,3579
357293,4,634
291292,5,897
251686,5,607
162158,5,3180
289680,5,780
232532,5,3368
443633,5,647
226066,5,2496
187205,4,4075
135377,4,607
199657,5,2496
83642,5,773
58104,1,974
248023,4,3900
446143,3,1320
199657,3,834
388905,1,916
179642,5,3470
297546,4,2137
362646,3,198
50969,4,3294
141610,5,636
224088,5,4065
56463,5,2973
438003,5,615
126104,5,2110
27922,5,1873
195879,5,3294
504064,5,607
187373,5,2791
297557,3,136
39394,3,4018
232886,5,432
55589,5,2886
199657,3,2755
323832,5,2496
232886,4,1721
160974,5,2072
42058,4,3718
248647,5,4063
138799,5,1873
362892,5,2267
232886,4,3439
425803,5,3591
95743,5,736
486648,4,3180
64625,5,63
431813,5,2708
203111,5,1873
292812,4,3683
468972,5,632
60716,5,2886
242007,5,445
56003,5,346
124416,4,3731
342541,5,2886
388155,5,2056
336503,5,632
222970,5,2496
56003,5,3718
228458,5,3745
56003,4,561
210188,1,3597
53448,5,62
30209,4,632
194829,5,548
8688,5,2387
316510,5,3370
341344,5,3057
289510,5,2886
207176,5,2886
426156,5,3368
282215,4,860
13483,4,2509
110402,5,3470
242809,5,2072
506345,5,916
475397,5,2886
298447,5,1590
236959,2,445
275326,5,3877
204735,3,3079
136004,5,66
184723,5,3470
463858,5,1940
199198,5,1438
209603,3,2928
144897,5,634
139962,5,3759
6258,4,2815
394865,5,2496
226462,5,3470
95499,5,2496
68904,5,3556
125640,5,2496
517443,4,2496
407812,5,1600
232402,1,860
461428,5,3390
461867,5,1236
293971,5,261
302094,5,3166
463435,2,1196
64702,4,1356
95743,4,2577
289412,5,2708
457661,5,3370
438326,5,2496
208755,5,456
206747,4,1562
143917,4,3743
140132,5,519
394085,4,3143
141012,5,2496
75442,5,556
136788,1,593
192974,5,930
379453,5,3568
382899,5,3470
166164,3,3293
145130,5,2886
64322,5,2137
30503,5,3503
378702,5,4065
157258,4,1232
215956,4,2218
64539,5,1207
316717,3,916
386849,4,346
486680,4,3755
11009,5,432
450004,4,3166
242729,5,3910
297557,4,1035
173306,5,3595
73706,5,3595
416292,5,1293
418366,5,2772
222970,5,3351
452940,4,298
329463,5,432
393721,5,2886
316250,4,632
229605,5,2496
369047,4,2708
98016,5,3252
378668,5,2886
352814,5,860
136997,5,749
158086,5,3742
416292,4,2537
358095,4,3745
64322,5,3049
496803,5,3767
93006,5,142
394077,5,2677
352042,5,2496
227978,3,1595
289319,5,436
29450,5,3570
326581,5,2137
502504,5,3400
37449,5,548
425677,5,2827
172861,5,3368
35925,5,167
15712,5,2886
469903,5,749
321879,5,1600
310749,4,607
476569,5,1600
486725,4,632
148942,1,749
497077,5,636
115053,4,1600
314259,5,2496
223979,3,533
223898,4,3782
290163,5,1306
198601,5,3877
234062,4,3704
337925,4,749
153067,5,1581
209920,5,548
47341,5,2767
427184,5,432
277999,5,2670
411567,5,3470
64642,1,1574
335614,5,3577
153067,5,2072
54067,5,558
6651,5,749
268058,5,1356
242729,4,2155
316094,4,3745
485728,5,3623
134624,4,2658
345039,5,1356
512532,5,749
242729,4,3471
346383,5,632
100185,5,584
198154,4,749
298070,5,2496
50969,3,1100
374506,5,3470
489929,1,2699
218535,4,3180
380469,5,456
57222,5,2621
203741,5,2886
497077,5,3470
131674,5,4050
453856,5,2886
426788,5,916
294435,5,352
91970,5,432
133174,4,2903
188080,5,3166
92816,5,2496
232480,5,1356
358905,5,2886
58104,5,483
202865,5,3470
143721,5,2686
377070,5,2537
63026,5,749
115758,5,3478
51224,5,3292
96177,5,2827
25356,4,2537
181781,5,3400
494084,5,749
167046,5,2496
56463,5,1133
5060,5,3974
157785,5,3304
476077,5,749
130133,4,809
94031,5,3616
5060,4,4003
63024,5,1356
207176,5,2708
214008,5,2886
313167,5,2767
366118,5,659
141277,5,3752
49561,5,1035
490843,5,4101
415934,5,860
447165,5,1293
264017,5,773
88717,5,2886
375776,5,2496
358796,5,749
226294,5,749
9717,5,3595
279698,5,3285
110445,5,4065
138435,4,834
468015,5,2886
147334,4,648
468351,4,229
230102,5,647
174941,3,3470
187927,5,1600
477972,5,3888
336058,5,2767
486680,5,2496
242484,5,3595
416684,5,607
268058,4,567
56353,5,246
185446,5,519
61995,5,3470
483716,5,2886
452940,5,2886
176706,5,607
454804,5,3983
337785,1,432
501778,3,2886
42058,5,2886
363554,1,2496
249059,5,324
349750,5,2537
167242,5,809
29782,5,3595
349991,5,3470
487233,3,777
115658,5,4050
232037,4,3805
60124,5,174
347078,5,860
302094,5,3158
68526,5,2462
264230,5,749
462165,5,3555
494593,5,432
23466,4,1207
36713,5,2886
34025,5,3470
37107,5,2815
94756,3,3057
384923,5,3556
468007,5,2510
519473,4,3470
439685,4,1100
396078,4,1356
78232,5,1873
5060,4,544
518581,4,3479
437767,4,3166
80353,5,2496
257546,5,3975
177753,5,519
185926,5,820
212145,4,632
355637,4,1236
445711,4,3092
52199,5,3591
141610,5,749
323186,5,3598
206168,5,759
25063,5,3559
189800,4,3180
380539,5,749
141590,5,2708
214008,5,1035
125640,3,3441
64583,5,2886
229524,4,2496
418366,5,931
199848,5,932
386849,5,3441
311625,4,2366
436190,5,3595
101376,5,1873
114522,5,2498
290107,4,346
186070,5,3520
57101,5,4049
236733,5,2543
226863,5,3400
165933,5,3800
44642,1,607
325816,5,3370
368889,5,3805
424680,4,3688
426903,5,2708
351525,5,2510
377581,5,350
343958,4,2537
232047,5,2510
46660,5,3884
22015,4,3990
229605,4,3470
314988,5,2498
330545,5,3092
90105,5,1423
480666,5,2496
132764,1,3739
80998,5,3092
21462,5,3092
391048,5,607
250389,5,198
281098,5,3439
54243,4,2112
326297,3,3436
220348,4,1955
324621,5,2498
416292,4,2886
372791,5,860
403729,5,3470
158086,5,3470
204124,5,3470
130531,5,3514
310611,5,3975
124237,1,1873
4470,5,3995
307059,4,1356
268061,5,2886
204705,5,1035
503111,5,3201
33159,4,3925
176615,4,3195
29410,5,3745
282672,4,2509
103784,5,436
366385,5,3470
163112,5,205
306797,5,2576
194207,5,432
371738,4,3470
22655,5,3470
5060,5,897
507661,5,897
162775,5,1356
23119,4,897
288704,5,2496
34834,5,3285
177435,1,3875
5060,5,58
245429,5,2537
346874,5,2056
303427,5,3370
241696,5,607
415934,5,1522
171063,5,1217
323933,5,2496
357358,5,3397
61525,5,519
434907,5,1356
99221,5,2498
130219,5,3397
378710,5,3559
115054,5,3180
141610,5,378
114287,5,3439
345234,5,3577
291358,5,167
185113,5,2537
408471,5,278
185113,5,3577
106105,1,3470
178682,4,2537
450060,5,2498
45524,5,3983
8688,5,3579
149242,5,2387
180946,5,3983
247241,5,2056
310749,4,2110
55882,3,3470
519638,5,3743
383143,5,3180
51501,5,281
393257,5,2496
318236,5,1904
194993,4,825
29300,5,2510
171084,5,3995
114882,4,559
188204,5,3470
216320,4,2872
301443,5,4065
5060,5,3913
465524,5,2886
79888,5,4075
369715,3,3624
375375,5,2836
149363,5,4075
340099,1,4050
467510,5,4015
233829,3,3977
318225,5,2510
120448,5,280
82908,5,3568
227456,5,519
308434,5,916
505972,5,432
494593,5,3940
202640,5,2537
421374,1,2814
319854,5,2496
327863,3,3470
360437,4,546
29300,5,3566
218535,1,854
60504,5,2496
330545,5,66
19185,5,2111
483932,5,1236
362493,5,2611
457321,5,167
4470,5,777
461283,5,3877
126440,3,607
434636,5,1356
517410,5,2886
274735,4,3064
9579,5,3441
215641,5,2496
462165,5,3451
469437,5,3470
240668,5,2708
403193,5,3010
358698,4,3166
351811,4,3440
22655,4,3180
82994,4,3233
58104,5,3689
501082,5,3595
153878,5,4018
233583,5,3689
442070,5,607
30503,5,519
232532,5,749
490931,3,615
170972,5,834
130513,5,2886
335571,5,3745
373495,5,3370
256124,5,198
28691,1,2774
284312,4,3610
189475,5,2886
486648,5,647
468351,5,3560
137481,4,834
508312,5,3092
179827,5,3993
385423,5,2886
37449,5,3689
242989,5,3470
260911,5,2496
27443,5,3503
403193,5,558
194829,5,91
311003,5,615
433881,5,607
215499,5,432
450571,5,638
186802,5,2958
391008,5,2731
64203,5,916
393257,5,3180
234222,5,897
434907,4,3294
505873,5,3470
22655,3,2886
189475,5,3470
211682,5,3370
125808,5,3470
273254,5,85
140806,4,456
451226,4,376
152178,5,3425
360030,5,2695
356499,5,558
213141,5,3877
506344,5,1320
439210,5,916
281187,4,3745
319943,4,2072
55910,5,1207
128473,5,387
496803,5,3888
451055,5,3470
199839,5,2791
64642,1,3985
153188,5,782
156891,5,1267
43152,5,3591
5060,4,2848
95559,5,3470
61525,5,2677
67719,5,3009
254614,4,2386
177933,5,4050
192880,4,2789
229448,4,3482
380162,5,4042
52543,5,91
4470,5,897
97871,5,3595
109110,1,2872
281187,4,2886
486725,5,3400
460531,5,2886
109608,5,3806
22655,5,1356
164610,5,3057
431716,5,4018
174559,5,632
214116,5,825
58762,3,401
486888,3,1207
485728,5,519
164493,5,749
137081,4,3745
220234,4,1356
265956,5,2496
130447,5,2814
52074,5,2526
146742,5,3343
25941,5,2886
302935,5,3441
140132,5,1035
174096,5,3333
215781,5,779
185590,5,2772
191534,3,2781
500671,5,820
175727,4,3929
95743,5,1183
471300,5,749
192101,5,809
481464,3,632
345380,4,3745
232933,5,376
260911,5,4007
15521,4,2741
465911,5,719
357513,1,4050
143946,4,749
70073,5,3378
55017,4,3868
143946,5,809
95217,5,2670
513366,5,3470
260325,5,607
126440,5,198
140655,5,3158
252316,5,2496
49304,5,3470
461897,5,3763
125640,4,3347
438582,1,469
42247,5,2695
55729,4,3138
44642,4,3929
222096,5,3994
252814,5,2496
437237,5,224
92816,5,1600
54162,5,673
297913,5,2903
453828,5,607
262353,1,3057
340141,5,2510
180087,5,809
148753,5,3797
242484,2,536
471300,5,2802
229753,5,3470
11176,5,246
300474,5,2791
130133,3,3877
406503,5,3180
406503,5,2137
416985,5,930
276707,1,519
330545,5,1073
91392,5,1293
37449,5,3166
471300,5,638
4470,5,1356
377581,5,4106
29300,5,3286
158086,5,2814
41370,5,634
374498,4,167
420166,5,432
516754,5,3180
60124,5,2708
449702,5,3370
440073,4,519
111739,5,1133
438204,5,2496
126440,5,49
162158,5,2496
352814,5,930
520620,5,62
101732,5,3180
324621,5,820
35488,4,2863
320625,5,2509
363055,5,3180
349458,5,2496
123871,5,3180
224170,5,1557
160331,5,2072
5060,5,683
296085,4,506
111291,5,3900
206354,4,820
485728,5,246
399932,3,632
380162,5,519
340099,5,232
321820,3,683
43216,5,2496
56463,5,2658
104295,5,2496
262966,5,2496
249657,5,445
489929,4,2772
465080,5,3357
102833,4,3009
146486,5,1133
195694,5,2509
240692,5,2677
249623,5,343
155587,5,1356
131021,3,3370
472215,5,2663
367847,5,62
258528,5,445
26075,5,1267
65720,5,1356
13506,5,2886
135547,5,2072
333017,5,3602
358513,5,1602
169357,5,376
226863,5,3397
121457,3,2535
142465,5,445
503551,5,2886
252816,1,2137
136828,5,49
437767,4,3929
487279,5,2586
359166,1,2519
444132,5,1600
190857,3,3470
139977,3,346
157167,4,749
311926,5,2886
98919,5,607
135278,5,3166
463435,5,1602
37026,5,2072
195750,4,62
125524,5,1904
305673,5,749
213909,5,343
163986,5,1904
517198,5,601
375730,4,2072
424680,5,4078
67614,4,632
184890,5,445
278218,5,432
424850,5,2072
198154,5,3595
464926,5,3995
517144,5,2886
57101,4,454
283251,4,2897
252816,5,2072
139731,5,3888
252816,1,445
303427,5,3921
4470,5,238
187373,4,776
246162,5,2496
126440,5,314
496862,4,626
394077,5,2576
437200,5,4052
294435,5,2576
56003,4,432
191533,4,749
88378,5,458
346812,5,4065
221657,5,1423
253965,5,3579
145580,5,992
232311,5,3397
215350,5,3745
221657,5,4050
43478,4,2072
232869,5,3745
17803,5,2137
49856,5,3812
173880,5,1600
173306,5,2496
199657,5,3877
345776,5,3180
495793,4,1522
311625,5,2496
138449,5,167
511587,5,3439
373495,5,1600
80937,5,2072
352271,5,749
256021,5,1600
258688,5,3368
467492,5,558
360030,4,376
1676,5,825
97073,5,1600
489552,5,3595
494589,5,3057
412115,4,1249
412115,5,3877
174722,5,1207
129177,5,1600
331557,4,3745
131021,4,1306
412186,4,2929
203111,2,3397
501717,5,343
238113,4,3668
167527,5,2498
43413,5,1356
178017,5,3877
308765,5,749
207472,5,2775
206101,5,3378
446523,5,2032
140132,4,3333
38285,5,3877
146552,4,1420
183968,5,4075
425242,5,2677
282215,4,834
168462,5,2677
180952,5,2886
493276,5,749
178504,5,3877
177155,5,2767
269198,5,2496
34357,4,246
38418,5,2973
177085,5,3470
394085,5,271
4470,5,3464
353131,5,556
98919,5,199
88378,5,3621
345731,4,4050
226989,3,2496
318235,4,2496
345569,4,2695
28636,5,2793
451055,5,3092
178742,5,916
30209,4,3745
123871,5,749
73951,1,632
267323,5,1574
29404,4,2713
316194,5,632
330794,5,2720
314481,5,2886
287084,5,2886
28636,4,3456
385423,5,2510
138686,5,962
366781,5,3284
342468,4,2604
217482,5,2670
289292,5,749
187349,4,3037
443975,5,2973
521192,5,332
383346,5,3397
49856,5,3094
438445,5,3358
385999,5,356
56003,4,3090
172489,5,2886
135887,5,3180
33159,4,3180
359533,5,749
195750,5,3520
242809,4,3745
141284,5,2625
289510,5,2663
226066,5,1356
44383,3,62
226362,5,4075
227607,5,3441
142559,5,1904
234062,4,4084
461099,5,3983
125388,5,1861
192849,5,3470
340994,5,916
496829,3,2496
136511,4,2267
128473,5,3556
179368,3,3470
267853,2,3593
253965,2,2537
6651,5,3092
394288,5,3616
475484,5,1600
169166,5,749
440112,5,2886
421374,4,2886
92816,4,1356
400708,5,2686
480970,5,2364
465080,4,1133
283483,3,1356
378294,5,965
124268,3,2658
1535,4,1267
326543,5,1522
140132,5,3294
382418,5,356
57089,5,3579
360730,1,916
50053,5,3520
20064,5,2537
8629,1,3621
260688,5,749
248264,5,2496
363055,5,1600
67243,5,3470
189280,5,3370
46660,4,246
496999,5,3929
418128,4,245
226989,3,432
245301,5,3092
330505,5,2886
399417,5,607
103876,5,3731
489552,5,2032
462637,5,749
414988,4,3470
139487,5,2886
66448,5,2537
166294,5,2510
283483,5,2496
383795,5,749
73951,5,2496
450571,5,3841
64154,5,1356
266028,5,607
382203,5,1048
382203,5,3582
497152,5,186
465080,5,1522
241982,5,2393
98467,1,198
207907,5,543
254614,5,3689
45512,5,2510
313943,5,647
346860,5,1356
225896,5,2886
166164,5,4049
258606,5,3803
460048,5,2496
173105,5,3092
198129,5,2498
91724,5,719
214991,5,1522
129652,4,142
5060,5,2537
339675,1,3092
245510,5,2496
169341,3,3381
122878,5,3370
374717,5,3713
25941,5,3201
503628,5,2510
5060,5,777
140132,4,3092
364863,5,2886
186979,5,2886
234027,4,1356
189674,4,3441
37072,4,3929
126037,5,820
364863,5,3402
508249,4,1356
140806,5,1035
140190,5,2510
92816,5,4075
345915,5,2509
330545,4,2669
275326,5,1306
97775,5,3441
358698,4,2885
469903,5,3441
27783,5,1035
327989,5,3180
37080,5,3846
513441,1,4049
91214,5,3595
339025,4,3976
143917,5,3577
188918,4,1356
149415,4,2498
293946,5,1048
168462,5,2836
500343,5,4050
469021,4,2056
282125,5,3745
452355,5,2987
176615,1,975
30067,5,2510
347347,5,2555
494990,5,2886
202865,4,1841
211577,5,519
325318,5,2496
340533,5,607
250031,5,2496
47151,5,3711
268501,5,3037
175727,5,3180
479756,5,607
30503,5,809
49849,5,4065
278639,5,4050
358095,5,3742
330505,5,512
387912,5,3745
45765,5,1035
273514,3,456
420515,5,3913
345915,5,1035
242484,5,4075
424762,5,3166
137911,5,3365
364321,4,4075
161825,5,1522
259391,4,632
4601,5,543
471300,5,2886
358698,5,1581
407007,4,464
140100,5,607
140132,5,198
509887,5,3579
463763,1,355
185113,5,3745
65573,4,240
310953,5,3689
185142,5,2364
308434,5,615
340272,5,2720
329638,5,3868
500671,4,3441
218535,5,3470
143917,4,693
486078,5,2886
440568,5,834
146047,3,3285
248826,5,632
196341,5,2677
126377,5,2072
60992,4,3389
467741,5,2496
384133,5,2056
168556,4,3745
375681,3,3180
416985,5,3037
277825,5,2496
246266,5,1904
239706,5,3683
429217,5,3359
297639,5,1133
458462,5,3166
125388,5,2666
199657,4,2930
226867,5,634
380343,5,809
430236,4,3745
52074,5,3441
125808,5,2677
369698,5,2496
407338,4,2864
181781,3,3928
55406,5,2364
11461,5,2708
400708,4,3057
438762,5,2496
384133,5,3180
255725,5,3470
58836,5,2496
158446,2,2670
183086,5,2663
140806,5,2496
518581,4,3173
209613,5,2032
114243,5,2496
204024,4,3397
461283,5,4050
52317,1,3263
518581,5,749
353465,1,661
281132,5,2496
440324,5,749
4470,5,2826
156027,5,3166
38182,5,3929
384657,5,3370
232190,5,2708
297913,3,642
373083,5,1873
189475,5,3687
180406,4,642
438906,5,1356
53932,5,2990
501778,5,356
430765,4,2781
207907,5,773
128473,5,3004
377366,5,2772
4291,5,3161
391787,5,469
114606,5,2886
204116,4,3258
363055,5,3370
465080,5,707
53495,5,558
519896,5,2886
377712,5,1600
323545,4,171
176398,5,749
162826,5,345
47570,5,2695
173579,5,3830
199839,4,2496
312577,5,2708
186979,5,272
298981,5,3689
378294,1,544
95567,5,3009
126440,5,3860
232886,5,1600
339544,5,2987
176615,5,2387
377070,5,2663
59199,4,1356
433881,5,3782
80998,5,3595
195694,2,4050
481092,4,3595
505381,5,1267
279496,4,3470
212801,5,2496
357513,5,3370
240832,5,2958
465080,5,2814
98212,5,2509
143811,5,2496
197746,5,2496
320843,5,2886
4601,5,3787
362983,5,2496
205555,5,607
433068,5,2496
296050,5,271
28177,4,2937
287080,5,2987
33159,4,3797
298981,5,2072
264017,5,2072
58104,5,252
379033,5,2872
206442,5,2667
345731,5,749
165169,5,2886
5060,4,1133
53932,1,2137
60716,5,2417
126440,5,3168
153067,5,3668
358698,5,3037
154588,3,671
60716,5,3301
133174,5,266
440590,5,820
4740,4,570
233495,4,1693
64625,5,3771
165091,5,2496
398216,5,2509
118163,1,3570
350750,5,142
29336,5,2886
119481,5,445
51224,5,2072
267665,5,2886
509989,5,3900
224088,5,2886
499298,5,2663
104295,3,3464
512834,4,3351
173579,5,825
377039,1,2979
116137,1,2496
319943,5,607
227496,5,548
142386,5,2886
209232,5,4050
520830,5,378
60989,5,543
257146,5,3368
224088,4,445
475484,1,2393
416985,5,2496
8629,5,1438
298447,5,1600
357389,5,930
469903,5,2072
518581,4,632
15521,4,3742
341513,4,2625
40328,4,1356
158086,5,2625
146783,5,773
129652,5,3877
114243,5,932
373020,4,2510
133174,5,66
389683,4,930
124416,5,66
278488,5,3180
437991,5,2072
202865,5,3370
383346,5,66
520620,1,3062
438576,5,2582
438576,5,2583
40779,5,3745
253974,5,2496
8629,4,1600
106624,5,2141
477308,2,1600
56251,5,1438
116429,5,4075
335571,4,2137
369715,5,3397
449848,4,3439
382071,5,2111
173579,5,916
242846,5,3368
20064,5,3368
278218,4,376
222970,5,62
145338,5,3470
103876,5,607
421546,4,2509
173579,5,536
409812,2,2496
32570,5,2496
136997,5,1133
374498,1,2885
6651,5,4078
246292,5,749
141347,5,2791
85713,5,2146
15521,4,3163
143721,5,1356
316809,3,2886
119422,5,4075
185139,4,3267
220582,5,3983
173579,5,2625
361489,5,2056
278118,5,203
158086,1,3595
220403,5,548
178427,5,992
357358,5,2496
185446,3,2496
433064,5,2686
421689,5,1322
260911,5,2791
274432,5,3745
272300,1,2886
228037,5,2510
253710,5,3092
115302,1,3092
111119,5,3092
297557,5,3559
502095,5,2496
318235,5,3809
192849,5,2537
324262,5,3559
308434,5,374
286566,5,3101
457907,5,3983
140132,5,1356
442988,5,2537
118840,4,2561
233616,5,2791
358796,5,2498
461552,5,809
51613,5,2791
383346,5,2886
227652,5,519
56463,5,2510
118163,5,4075
74281,5,3441
349058,5,3711
286566,4,2996
500586,1,3121
227496,5,4075
62264,5,638
91392,5,3595
286006,5,2496
156783,5,1557
441525,5,749
383346,4,565
291292,5,3595
212497,5,2902
470211,3,3470
62545,5,3357
22015,5,590
18931,5,1442
469903,5,3049
293757,4,1595
513230,1,3916
199839,5,3782
439797,5,2987
303427,3,3900
145448,5,2510
168451,4,186
92816,3,3782
486718,5,809
241241,4,314
370907,5,3387
230579,5,3254
422893,4,1217
173579,5,3470
104082,5,608
27416,5,2791
91392,5,3180
358698,4,809
165217,1,2576
395947,5,4065
212497,5,3470
43083,5,2267
241140,5,809
80353,1,3782
108807,5,1522
320849,1,314
482376,4,2886
496803,3,3917
199848,5,3568
96177,5,1356
426938,5,2496
253476,3,3064
133174,4,965
297761,5,2663
237624,5,3745
125416,5,2137
176615,5,773
358095,5,2886
309526,5,3983
141590,5,1322
203111,5,2886
141898,5,2496
416985,5,645
311926,5,445
472275,4,1306
448004,5,749
33186,1,3333
204153,5,3710
118684,4,3180
307059,4,167
142559,5,2496
140132,5,607
86318,5,3180
297557,5,2886
88169,4,2886
353934,5,2886
317696,4,2886
126440,5,2652
62545,5,2509
245915,5,1600
323186,5,2872
391048,5,1356
305531,5,1832
184868,2,3470
286566,5,3683
353485,4,3745
191533,2,3470
125416,5,1356
424680,5,525
38643,5,749
34025,5,647
471937,5,636
290010,5,3173
40281,5,2886
55406,5,1356
320427,4,749
68460,5,376
43083,4,246
126440,4,2708
357071,5,2695
268888,4,1031
227652,5,3877
27798,5,3745
27564,5,3713
250031,5,2056
250031,4,3805
126440,5,749
215664,4,3900
233194,1,2510
437904,3,2510
502302,1,749
126440,5,2496
177933,5,3579
337963,5,760
394077,4,2496
319943,3,809
482933,5,3242
205750,4,544
198154,5,3559
486680,4,567
307059,5,4075
246482,5,3900
192852,4,3368
126440,5,4018
229850,5,3368
500860,4,2496
86318,5,3099
74904,5,4075
178427,5,2677
309819,5,3439
256795,5,2663
176615,5,607
209447,1,3294
285039,5,2708
165933,5,2032
115525,5,1293
377070,5,2496
198393,4,2284
199848,4,3326
267853,4,456
376986,5,519
164182,5,607
187619,5,1356
139991,4,519
178742,5,1356
141654,3,3683
112864,5,825
103876,5,3595
228037,1,2072
383359,2,536
420694,5,3470
101432,4,3568
364211,5,593
113535,5,2496
497288,5,3370
47510,5,3368
372395,5,1356
363055,5,2072
310237,5,773
134011,5,456
230579,5,3745
176615,5,3368
454804,2,1438
314825,4,346
176615,5,2072
346363,5,343
65197,1,2072
138795,5,2496
251626,5,2677
429976,5,2072
22868,5,2886
400708,5,536
58552,5,4065
282731,5,2267
140132,5,567
140132,5,4075
137911,5,4065
130531,1,809
217369,5,3582
222478,1,3009
496803,4,634
498271,5,1355
494607,4,1873
498451,4,2510
286566,5,2032
29196,5,3728
257941,5,3470
439685,3,2056
303386,4,3470
176615,5,2537
59879,5,3559
253476,4,3782
345915,1,1873
68460,3,3055
8688,5,2886
382203,4,3180
133174,5,2987
211577,5,2056
248746,5,607
462997,5,3579
95217,5,2537
129652,4,1293
86318,4,587
296050,5,1356
372185,5,749
462997,3,4049
403281,5,3560
65631,5,167
143721,5,2886
117501,5,2577
258223,5,2886
246482,5,2886
269575,5,2496
176615,5,3745
171084,5,62
386585,5,3028
54678,5,271
174096,5,3925
142789,3,3470
323107,5,2496
200862,5,3800
257414,4,536
62264,5,2791
140132,5,930
469895,1,1356
171904,1,3470
103876,4,3745
126440,5,1861
6702,5,3516
161265,5,2496
403729,4,4042
353205,5,607
178504,5,49
457943,5,1320
140132,5,3180
109110,1,3520
487394,5,3431
33159,4,2072
176615,5,519
4862,5,749
163601,1,2886
198154,5,1306
307059,5,3954
383346,5,2708
131021,5,3470
103876,5,2496
241882,5,3470
14410,5,2677
261553,5,2496
213139,5,2496
261553,5,2886
230579,5,445
140132,5,3370
77458,5,3397
140132,5,2695
191533,4,1600
267253,5,2496
453440,5,3800
383346,5,749
382203,5,3182
439400,5,2137
140132,5,632
394288,5,2886
456858,4,460
171920,3,3929
383346,5,3579
452355,5,324
383346,5,224
100246,5,3285
176615,5,2509
250063,5,1356
117042,5,1042
518825,5,2886
456858,5,3470
117781,5,1035
196388,5,2496
222564,5,916
114317,5,3570
363919,5,2509
307313,5,4065
377077,2,3470
317195,5,519
137428,4,2891
47723,3,3180
126418,5,1356
297913,4,3470
468351,5,3166
184986,5,1883
373020,4,3520
350750,5,3595
222564,5,648
176615,5,3370
350750,5,3745
300721,5,2496
221855,5,2537
396152,1,2535
198154,3,2815
185926,4,1600
430507,5,3745
298447,4,1356
171683,5,3180
37779,4,2713
274252,5,2509
307059,5,2886
41706,5,3470
198154,4,2366
13796,5,2056
166144,3,3470
218535,1,632
227496,5,2886
394077,5,3579
78249,1,3805
65486,5,3579
298447,5,2886
280271,5,2056
336563,4,2886
10320,5,2886
354881,5,2886
368078,5,2886
426302,5,2886
440735,5,3166
218535,4,4018
432917,5,2886
171854,5,3745
91584,5,2677
168612,4,2886
48150,5,3974
318262,5,3954
476796,4,404
50509,5,346
91584,5,2886
342251,5,749
98919,5,2886
122878,5,1356
30209,5,2886
69248,5,2886
138686,4,2526
153918,5,2886
31083,5,2886
298447,5,2708
350750,5,2496
153253,5,3037
151991,5,2886
126440,5,648
487394,5,632
487394,4,3954
169122,5,139
41848,5,3470
169122,5,314
57256,5,3415
124945,5,2498
300721,5,2886
37862,4,606
212874,5,232
36739,5,1042
53932,4,4110
124268,5,2886
314532,5,2496
242188,5,2862
198154,4,3689
198154,5,3470
376986,5,280
172410,5,3180
30228,5,2886
73951,5,4065
278639,5,3559
384041,1,916
285820,5,3094
290010,5,3929
189475,5,1356
357323,5,1600
129652,5,1600
215350,5,2886
325147,5,456
305531,5,2462
233839,5,3954
162086,5,2886
435240,5,4065
489552,1,2886
297876,5,2886
213443,1,3166
75407,5,2886
111263,5,1356
90355,5,2072
74603,5,3768
37215,4,3335
390074,4,3232
10332,5,3083
499806,2,540
249363,4,540
241579,5,534
46786,3,1141
92264,5,1465
271221,5,1465
279506,3,1184
32769,2,3848
51664,1,3047
473149,4,3345
180789,4,3969
276833,4,555
290837,5,1330
21627,5,490
178116,3,3871
229467,5,282
413217,2,1018
15368,3,1857
12875,5,4088
244082,5,2123
129727,4,2123
181879,3,3409
437619,1,2934
83816,4,3952
6702,4,3084
30471,3,209
26314,5,3141
139706,5,3979
186379,5,2989
124546,5,3654
339661,4,3085
52621,5,1144
14532,1,3020
494087,4,2279
63070,4,4051
181716,5,3508
128470,5,2840
22278,4,989
136696,5,2541
357052,5,3247
161717,5,3247
141670,5,3773
511667,4,3412
14880,5,328
167326,2,328
186981,3,251
71636,4,1888
378148,5,833
29241,5,3611
351687,4,3203
379836,4,3832
335269,5,4104
10896,5,1155
123955,4,3627
372157,5,3685
474288,4,2703
75227,2,3774
56084,5,3798
25925,4,329
223426,5,329
190698,5,2655
48393,3,2739
234500,5,3416
166632,5,4020
12312,3,3044
214785,5,2877
23394,4,2122
1773,4,649
75020,1,399
225054,5,2105
4,5,1380
4,3,1379
4,4,1378
4,5,1377
4,3,1376
4,1,1375
2,2,1372
2,5,1373
2,5,7
2,4,9
2,1,1
2,2,3
2,5,2
2,1,4
2,5,5
2,5,6
2,4,8
6,2,1
6,1,3
6,5,60
6,1,59
6,3,61
6,4,58
6,5,57
6,5,56
6,4,55
6,2,54
6,5,53
3,5,1254
3,5,1255
3,5,1258
3,4,1257
3,3,1256
3,4,1253
3,1,1252
3,5,1250
3,5,1251
5,5,351
5,5,358
5,3,356
5,5,350
5,1,352
5,1,353
5,2,354
5,1,355
5,1,357
1,4,112
521934,5,112
